STNAME,CTYNAME,CENSUS2010POP,ESTIMATESBASE2010,POPESTIMATE2010,POPESTIMATE2011,POPESTIMATE2012,POPESTIMATE2013,POPESTIMATE2014,POPESTIMATE2015,POPESTIMATE2016,POPESTIMATE2017,POPESTIMATE2018,POPESTIMATE2019,NPOPCHG_2010,NPOPCHG_2011,NPOPCHG_2012,NPOPCHG_2013,NPOPCHG_2014,NPOPCHG_2015,NPOPCHG_2016,NPOPCHG_2017,NPOPCHG_2018,NPOPCHG_2019,BIRTHS2010,BIRTHS2011,BIRTHS2012,BIRTHS2013,BIRTHS2014,BIRTHS2015,BIRTHS2016,BIRTHS2017,BIRTHS2018,BIRTHS2019,DEATHS2010,DEATHS2011,DEATHS2012,DEATHS2013,DEATHS2014,DEATHS2015,DEATHS2016,DEATHS2017,DEATHS2018,DEATHS2019,NATURALINC2010,NATURALINC2011,NATURALINC2012,NATURALINC2013,NATURALINC2014,NATURALINC2015,NATURALINC2016,NATURALINC2017,NATURALINC2018,NATURALINC2019,INTERNATIONALMIG2010,INTERNATIONALMIG2011,INTERNATIONALMIG2012,INTERNATIONALMIG2013,INTERNATIONALMIG2014,INTERNATIONALMIG2015,INTERNATIONALMIG2016,INTERNATIONALMIG2017,INTERNATIONALMIG2018,INTERNATIONALMIG2019,DOMESTICMIG2010,DOMESTICMIG2011,DOMESTICMIG2012,DOMESTICMIG2013,DOMESTICMIG2014,DOMESTICMIG2015,DOMESTICMIG2016,DOMESTICMIG2017,DOMESTICMIG2018,DOMESTICMIG2019,NETMIG2010,NETMIG2011,NETMIG2012,NETMIG2013,NETMIG2014,NETMIG2015,NETMIG2016,NETMIG2017,NETMIG2018,NETMIG2019,RESIDUAL2010,RESIDUAL2011,RESIDUAL2012,RESIDUAL2013,RESIDUAL2014,RESIDUAL2015,RESIDUAL2016,RESIDUAL2017,RESIDUAL2018,RESIDUAL2019,GQESTIMATESBASE2010,GQESTIMATES2010,GQESTIMATES2011,GQESTIMATES2012,GQESTIMATES2013,GQESTIMATES2014,GQESTIMATES2015,GQESTIMATES2016,GQESTIMATES2017,GQESTIMATES2018,GQESTIMATES2019,RBIRTH2011,RBIRTH2012,RBIRTH2013,RBIRTH2014,RBIRTH2015,RBIRTH2016,RBIRTH2017,RBIRTH2018,RBIRTH2019,RDEATH2011,RDEATH2012,RDEATH2013,RDEATH2014,RDEATH2015,RDEATH2016,RDEATH2017,RDEATH2018,RDEATH2019,RNATURALINC2011,RNATURALINC2012,RNATURALINC2013,RNATURALINC2014,RNATURALINC2015,RNATURALINC2016,RNATURALINC2017,RNATURALINC2018,RNATURALINC2019,RINTERNATIONALMIG2011,RINTERNATIONALMIG2012,RINTERNATIONALMIG2013,RINTERNATIONALMIG2014,RINTERNATIONALMIG2015,RINTERNATIONALMIG2016,RINTERNATIONALMIG2017,RINTERNATIONALMIG2018,RINTERNATIONALMIG2019,RDOMESTICMIG2011,RDOMESTICMIG2012,RDOMESTICMIG2013,RDOMESTICMIG2014,RDOMESTICMIG2015,RDOMESTICMIG2016,RDOMESTICMIG2017,RDOMESTICMIG2018,RDOMESTICMIG2019,RNETMIG2011,RNETMIG2012,RNETMIG2013,RNETMIG2014,RNETMIG2015,RNETMIG2016,RNETMIG2017,RNETMIG2018,RNETMIG2019
Arkansas,Arkansas,19019,19007,19009,18871,18964,18755,18479,18330,18154,17872,17726,17486,2,-138,93,-209,-276,-149,-176,-282,-146,-240,70,234,286,243,218,248,248,233,217,206,33,258,254,249,215,243,234,248,223,216,37,-24,32,-6,3,5,14,-15,-6,-10,5,22,18,8,-1,-3,0,1,3,-3,-39,-137,44,-213,-283,-151,-188,-271,-141,-229,-34,-115,62,-205,-284,-154,-188,-270,-138,-232,-1,1,-1,2,5,0,-2,3,-2,2,247,247,247,247,247,247,247,247,247,247,247,12.354804646,15.118276728,12.884753042,11.709727668,13.474965362,13.595000548,12.935102426,12.191696163,11.700556628,13.621964097,13.42672129,13.202895093,11.548584627,13.203292673,12.82754084,13.767834342,12.528793752,12.268544814,-1.267159451,1.6915554381,-0.31814205,0.1611430413,0.2716726887,0.7674597084,-0.832731916,-0.33709759,-0.567988186,1.16156283,0.9514999339,0.4241894006,-0.053714347,-0.163003613,0,0.0555154611,0.1685487949,-0.170396456,-7.233368532,2.3258887274,-11.29404279,-15.20116023,-8.2045152,-10.30588751,-15.04468995,-7.921793359,-13.00692946,-6.071805702,3.2773886613,-10.86985339,-15.25487458,-8.367518813,-10.30588751,-14.98917449,-7.753244564,-13.17732591
Arkansas,Ashley,21853,21845,21829,21673,21515,21278,20956,20838,20530,20311,20012,19657,-16,-156,-158,-237,-322,-118,-308,-219,-299,-355,58,302,262,266,259,253,240,227,215,213,48,271,210,258,261,269,252,267,261,251,10,31,52,8,-2,-16,-12,-40,-46,-38,1,1,-5,-7,-3,-4,-4,-4,-4,-4,-26,-188,-207,-242,-323,-97,-294,-174,-250,-313,-25,-187,-212,-249,-326,-101,-298,-178,-254,-317,-1,0,2,4,6,-1,2,-1,1,0,191,191,191,191,191,191,191,191,191,191,191,13.884419107,12.132999907,12.431939803,12.264999763,12.107001005,11.603171534,11.116280209,10.663889096,10.7388641,12.459197278,9.7249235899,12.058046877,12.359710186,12.872661148,12.18333011,13.075096104,12.945465367,12.65471779,1.4252218289,2.4080763175,0.3738929264,-0.094710423,-0.765660143,-0.580158577,-1.958815896,-2.281576272,-1.915853689,0.0459748977,-0.2315458,-0.327156311,-0.142065634,-0.191415036,-0.193386192,-0.19588159,-0.198397937,-0.201668809,-8.643280769,-9.58599611,-11.31026102,-15.2957333,-4.641814615,-14.21388513,-8.520849147,-12.39987104,-15.78058434,-8.597305871,-9.81754191,-11.63741733,-15.43779893,-4.83322965,-14.40727132,-8.716730736,-12.59826898,-15.98225314
Arkansas,Baxter,41513,41511,41510,41349,41080,40983,40888,41138,41131,41308,41624,41932,-1,-161,-269,-97,-95,250,-7,177,316,308,83,334,325,344,328,387,375,367,352,349,135,680,674,666,662,636,713,695,676,695,-52,-346,-349,-322,-334,-249,-338,-328,-324,-346,-2,-6,-15,-4,18,13,11,7,-1,-1,56,194,100,232,220,484,322,499,644,656,54,188,85,228,238,497,333,506,643,655,-3,-3,-5,-3,1,2,-2,-1,-3,-1,595,595,595,595,595,595,595,595,595,595,595,8.061888268,7.8855742518,8.3838026882,8.012605196,9.4360324775,9.1164351092,8.90355293,8.4888824579,8.3536789698,16.413425216,16.353467833,16.231431949,16.171782438,15.50727818,17.333381954,16.860951734,16.302512902,16.635549811,-8.351536948,-8.467893581,-7.84762926,-8.159177242,-6.071245703,-8.216946845,-7.957398804,-7.813630444,-8.281870841,-0.14482434,-0.363949581,-0.097486078,0.4397161388,0.3169726672,0.2674154299,0.1698225355,-0.024116143,-0.023936043,4.6826536647,2.426330539,5.6541925106,5.3743083632,11.801136225,7.8279789471,12.105920741,15.530796315,15.702044138,4.5378293245,2.0623809582,5.5567064329,5.814024502,12.118108892,8.095394377,12.275743277,15.506680172,15.678108095
Arkansas,Benton,221339,221348,222593,229171,234938,239461,244841,251591,259212,266585,272266,279141,1245,6578,5767,4523,5380,6750,7621,7373,5681,6875,834,3283,3361,3235,3432,3554,3643,3746,3695,3744,295,1590,1670,1670,1621,1855,1772,1747,1861,1820,539,1693,1691,1565,1811,1699,1871,1999,1834,1924,145,810,948,549,785,681,828,515,176,107,529,4051,3052,2368,2742,4318,4897,4837,3658,4823,674,4861,4000,2917,3527,4999,5725,5352,3834,4930,32,24,76,41,42,52,25,22,13,21,2061,2061,2139,2132,2109,2109,2137,2149,2145,2080,2081,14.534137293,14.483666552,13.638308681,14.172974714,14.318174493,14.263815992,14.248845087,13.714366309,13.579805842,7.0390734986,7.1965852849,7.0404870162,6.6941701665,7.4733296806,6.9380955084,6.6451501245,6.9072897703,6.6012945066,7.4950637944,7.2870812675,6.5978216649,7.4788045476,6.8448448126,7.3257204832,7.6036949621,6.8070765388,6.9785113355,3.585943103,4.0852472156,2.3145074083,3.24177889,2.7435781738,3.2419543346,1.9589309182,0.6532418052,0.3880980836,17.934142605,13.152082808,9.9831576373,11.323513015,17.396138847,19.173732339,18.398735634,13.577037066,17.493430442,21.520085708,17.237330024,12.297665046,14.565291905,20.139717021,22.415686674,20.357666552,14.230278871,17.881528526
Arkansas,Boone,36903,36920,36893,37086,37333,37328,37116,37119,37259,37459,37385,37432,-27,193,247,-5,-212,3,140,200,-74,47,91,421,478,486,456,435,478,467,408,407,127,412,397,459,400,447,476,462,440,460,-36,9,81,27,56,-12,2,5,-32,-53,-2,-8,-7,-19,-2,-5,-7,-10,-11,-11,16,191,179,-8,-266,24,150,205,-29,114,14,183,172,-27,-268,19,143,195,-40,103,-5,1,-6,-5,0,-4,-5,0,-2,-3,465,465,465,465,465,465,465,465,465,465,465,11.381608294,12.846181755,13.01884518,12.250819408,11.719539301,12.853263062,12.500334591,10.902677569,10.879880241,11.138296003,10.669318319,12.295576004,10.746332814,12.042836937,12.799483718,12.366498033,11.757789536,12.296670543,0.2433122913,2.1768634354,0.7232691767,1.5044865939,-0.323297636,0.0537793434,0.1338365588,-0.855111966,-1.416790302,-0.216277592,-0.188124001,-0.508967198,-0.053731664,-0.134707348,-0.188227702,-0.267673118,-0.293944738,-0.294050817,5.1636275159,4.8105994437,-0.214301978,-7.146311321,0.6465952718,4.0334507516,5.4872989106,-0.774945219,3.0474357432,4.9473499236,4.6224754431,-0.723269177,-7.200042985,0.5118879235,3.8452230498,5.219625793,-1.068889958,2.7533849259
Arkansas,Bradley,11508,11505,11470,11432,11266,11120,11007,10999,10959,10813,10838,10763,-35,-38,-166,-146,-113,-8,-40,-146,25,-75,33,147,128,151,121,138,134,131,120,116,60,152,147,157,167,142,139,157,144,130,-27,-5,-19,-6,-46,-4,-5,-26,-24,-14,8,0,-4,2,-4,-1,-1,-1,-5,-5,-15,-33,-148,-143,-64,-2,-32,-121,53,-56,-7,-33,-152,-141,-68,-3,-33,-122,48,-61,-1,0,5,1,1,-1,-2,2,1,0,220,220,268,239,223,225,223,227,227,230,227,12.837306785,11.278526742,13.490574466,10.936864464,12.542033991,12.205118863,12.033804887,11.08493834,10.740243507,13.273949873,12.952683056,14.026623783,15.094680707,12.905571208,12.660533746,14.422193643,13.301926008,12.036479793,-0.436643088,-1.674156313,-0.536049317,-4.157816243,-0.363537217,-0.455414883,-2.388388756,-2.216987668,-1.296236285,0,-0.352453961,0.1786831055,-0.361549238,-0.090884304,-0.091082977,-0.091861106,-0.461872431,-0.46294153,-2.88184438,-13.04079655,-12.77584204,-5.784787816,-0.181768609,-2.914655251,-11.11519383,4.8958477668,-5.184945141,-2.88184438,-13.39325051,-12.59715894,-6.146337054,-0.272652913,-3.005738228,-11.20705493,4.433975336,-5.647886672
Arkansas,Calhoun,5368,5368,5362,5243,5278,5192,5167,5200,5143,5201,5227,5189,-6,-119,35,-86,-25,33,-57,58,26,-38,15,40,48,50,46,43,49,50,41,39,4,57,50,70,65,57,71,80,61,48,11,-17,-2,-20,-19,-14,-22,-30,-20,-9,0,0,0,0,0,0,0,0,-1,-1,-16,-103,37,-66,-4,46,-35,88,47,-28,-16,-103,37,-66,-4,46,-35,88,46,-29,-1,1,0,0,-2,1,0,0,0,0,175,175,175,175,175,175,175,175,175,175,175,7.543611504,9.124607927,9.5510983763,8.8811661357,8.2955531976,9.4750072513,9.6674400619,7.8634445723,7.4884792627,10.749646393,9.504799924,13.371537727,12.549473887,10.996430983,13.72909214,15.467904099,11.699271193,9.2165898618,-3.206034889,-0.380191997,-3.820439351,-3.668307752,-2.700877785,-4.254084888,-5.800464037,-3.835826621,-1.728110599,0,0,0,0,0,0,0,-0.191791331,-0.192012289,-19.42479962,7.0335519437,-12.60744986,-0.772275316,8.8743127231,-6.767862322,17.014694509,9.0141925585,-5.376344086,-19.42479962,7.0335519437,-12.60744986,-0.772275316,8.8743127231,-6.767862322,17.014694509,8.8224012275,-5.568356375
Arkansas,Carroll,27446,27449,27553,27466,27623,27791,27734,27755,27728,27865,28097,28380,104,-87,157,168,-57,21,-27,137,232,283,74,314,305,307,313,342,333,313,298,301,38,303,305,298,308,335,308,342,296,305,36,11,0,9,5,7,25,-29,2,-4,6,8,21,36,48,37,63,39,24,25,60,-105,136,123,-103,-21,-113,130,204,265,66,-97,157,159,-55,16,-50,169,228,290,2,-1,0,0,-7,-2,-2,-3,2,-3,230,230,230,230,230,230,230,230,230,230,230,11.414238718,11.072990978,11.080232432,11.27420081,12.326767467,12.003676802,11.260410483,10.650083986,10.659206403,11.014376852,11.072990978,10.755404771,11.094101756,12.074465209,11.102499865,12.303707301,10.578606912,10.800856986,0.3998618659,0,0.3248276609,0.1800990545,0.2523022581,0.9011769371,-1.043296818,0.0714770737,-0.141650583,0.2908086297,0.7624026575,1.2993106435,1.728950923,1.33359765,2.2709658814,1.4030543414,0.8577248847,0.8853161464,-3.816863265,4.9374648296,4.4393113654,-3.710040522,-0.756906774,-4.073319756,4.6768478046,7.2906615203,9.3843511518,-3.526054636,5.6998674872,5.7386220089,-1.981089599,0.5766908757,-1.802353874,6.079902146,8.1483864051,10.269667298
Arkansas,Chicot,11800,11800,11799,11703,11498,11362,11211,10970,10899,10647,10442,10118,-1,-96,-205,-136,-151,-241,-71,-252,-205,-324,34,169,168,128,142,103,132,148,106,111,20,181,159,153,149,159,151,139,144,150,14,-12,9,-25,-7,-56,-19,9,-38,-39,2,16,17,8,17,8,3,0,-2,-2,-17,-100,-238,-119,-165,-192,-55,-261,-165,-283,-15,-84,-221,-111,-148,-184,-52,-261,-167,-285,0,0,7,0,4,-1,0,0,0,0,722,722,722,722,724,727,731,770,763,769,769,14.381754744,14.482134391,11.198600175,12.581402561,9.2872278076,12.071882574,13.738048826,10.052634075,10.79766537,15.40294443,13.706305763,13.385826772,13.201612546,14.336594383,13.809502035,12.902626938,13.656408554,14.591439689,-1.021189686,0.7758286281,-2.187226597,-0.620209985,-5.049366575,-1.737619461,0.8354218881,-3.60377448,-3.793774319,1.361586248,1.4654540753,0.6999125109,1.5062242502,0.7213380821,0.2743609676,0,-0.189672341,-0.194552529,-8.50991405,-20.51635705,-10.4111986,-14.61923537,-17.31211397,-5.029951072,-24.22723475,-15.64796814,-27.52918288,-7.148327802,-19.05090298,-9.711286089,-13.11301112,-16.59077589,-4.755590105,-24.22723475,-15.83764048,-27.72373541
Arkansas,Clark,22995,22991,22925,22928,22755,22582,22557,22513,22602,22184,22313,22320,-66,3,-173,-173,-25,-44,89,-418,129,7,67,242,251,220,242,250,232,233,240,233,96,269,249,249,232,271,208,269,235,241,-29,-27,2,-29,10,-21,24,-36,5,-8,7,13,10,14,12,16,15,9,2,2,-46,19,-190,-160,-42,-36,50,-395,122,14,-39,32,-180,-146,-30,-20,65,-386,124,16,2,-2,5,2,-5,-3,0,4,0,-1,2612,2612,2766,2653,2632,2753,2817,2908,2755,2985,2986,10.555470743,10.98877044,9.7050973818,10.722435145,11.093854005,10.284827663,10.405037288,10.787244084,10.440705308,11.733147231,10.901210516,10.984405673,10.279359312,12.025737741,9.2208799734,12.012682535,10.562509832,10.79918446,-1.177676488,0.0875599238,-1.279308291,0.4430758324,-0.931883736,1.0639476892,-1.607645246,0.2247342517,-0.358479152,0.5670294201,0.4377996191,0.6175971061,0.5316909989,0.7100066563,0.6649673058,0.4019113116,0.0898937007,0.089619788,0.8287353063,-8.318192763,-7.058252641,-1.860918496,-1.597514977,2.2165576859,-17.6394409,5.4835157426,0.6273385163,1.3957647264,-7.880393144,-6.440655535,-1.329227497,-0.88750832,2.8815249917,-17.23752959,5.5734094433,0.7169583044
Arkansas,Clay,16083,16083,16050,15876,15710,15484,15299,15206,15060,14865,14763,14551,-33,-174,-166,-226,-185,-93,-146,-195,-102,-212,37,176,167,149,175,180,180,163,173,155,84,236,256,241,254,212,242,257,227,197,-47,-60,-89,-92,-79,-32,-62,-94,-54,-42,0,0,-3,-4,-2,-1,0,0,0,0,16,-115,-74,-129,-105,-60,-83,-100,-48,-170,16,-115,-77,-133,-107,-61,-83,-100,-48,-170,-2,1,0,-1,1,0,-1,-1,0,0,125,125,125,125,125,125,125,125,125,125,125,11.025496461,10.574305072,9.5531191896,11.369911964,11.801344042,11.894535122,10.89390142,11.678142298,10.575151805,14.784188436,16.209713164,15.451689427,16.50261508,13.899360761,15.991541664,17.176274018,15.323342784,13.44067681,-3.758691975,-5.635408092,-5.898570238,-5.132703115,-2.098016719,-4.097006542,-6.282372598,-3.645200486,-2.865525005,0,-0.189957576,-0.256459576,-0.129941851,-0.065563022,0,0,0,0,-7.204159619,-4.685620211,-8.270821312,-6.821947179,-3.933781347,-5.484702306,-6.683375104,-3.24017821,-11.59855359,-7.204159619,-4.875577788,-8.527280887,-6.95188903,-3.99934437,-5.484702306,-6.683375104,-3.24017821,-11.59855359
Arkansas,Cleburne,25970,25964,25986,25875,25763,25625,25591,25355,25173,25059,24994,24919,22,-111,-112,-138,-34,-236,-182,-114,-65,-75,71,264,232,263,211,260,233,227,228,227,104,361,358,368,356,364,382,384,376,385,-33,-97,-126,-105,-145,-104,-149,-157,-148,-158,-1,-11,-4,-10,-7,2,1,-2,-7,-6,55,0,20,-17,123,-132,-32,47,93,90,54,-11,16,-27,116,-130,-31,45,86,84,1,-3,-2,-6,-5,-2,-2,-2,-3,-1,339,339,339,339,339,339,339,339,339,339,339,10.181060913,8.9856307371,10.235852728,8.2396126211,10.206885722,9.2226092464,9.0380633859,9.1103430364,9.0958267385,13.921829506,13.865757775,14.322409901,13.901905654,14.289640011,15.120329322,15.289058767,15.024074481,15.426842706,-3.740768593,-4.880127038,-4.086557173,-5.662293033,-4.082754289,-5.897720076,-6.250995381,-5.913731445,-6.331015968,-0.424210871,-0.154924668,-0.389195921,-0.273352077,0.0785145056,0.0395820139,-0.079630514,-0.279703514,-0.240418328,0,0.7746233394,-0.661633066,4.8031865042,-5.181957367,-1.266624446,1.8713170887,3.7160609754,3.6062749184,-0.424210871,0.6196986715,-1.050828987,4.5298344267,-5.103442861,-1.227042432,1.7916865743,3.4363574611,3.3658565905
Arkansas,Cleveland,8689,8692,8677,8674,8609,8515,8399,8284,8245,8162,7995,7956,-15,-3,-65,-94,-116,-115,-39,-83,-167,-39,21,86,98,87,76,87,77,83,77,75,42,91,84,108,86,105,119,118,82,88,-21,-5,14,-21,-10,-18,-42,-35,-5,-13,0,1,0,-1,1,0,0,0,-1,-1,7,0,-80,-74,-108,-97,4,-48,-162,-25,7,1,-80,-75,-107,-97,4,-48,-163,-26,-1,1,1,2,1,0,-1,0,1,0,52,52,52,52,52,52,52,52,52,52,52,9.9129733157,11.340623734,10.161177295,8.9866382878,10.429778817,9.3169580737,10.117632718,9.5314724268,9.4037991349,10.489308974,9.7205346294,12.613875263,10.169090694,12.587664089,14.398935205,14.384104346,10.150399208,11.033790985,-0.576335658,1.6200891049,-2.452697968,-1.182452406,-2.157885272,-5.081977131,-4.266471628,-0.618926781,-1.62999185,0.1152671316,0,-0.116795141,0.1182452406,0,0,0,-0.123785356,-0.125383988,0,-9.257652028,-8.642840458,-12.77048599,-11.62860397,0.483997822,-5.85116109,-20.0532277,-3.134599712,0.1152671316,-9.257652028,-8.759635599,-12.65224075,-11.62860397,0.483997822,-5.85116109,-20.17701306,-3.2599837
Arkansas,Columbia,24552,24552,24723,24709,24413,24284,24049,24115,24026,23695,23586,23457,171,-14,-296,-129,-235,66,-89,-331,-109,-129,72,288,300,284,305,315,289,267,265,262,117,309,316,314,284,278,293,311,319,279,-45,-21,-16,-30,21,37,-4,-44,-54,-17,11,40,51,33,37,26,26,17,9,9,180,-33,-339,-129,-297,7,-109,-304,-64,-120,191,7,-288,-96,-260,33,-83,-287,-55,-111,25,0,8,-3,4,-4,-2,0,0,-1,1315,1567,1640,1581,1653,1746,1817,1975,2061,2161,2161,11.652370934,12.214486381,11.663962872,12.620776695,13.080308944,12.006397873,11.19004212,11.209576786,11.138745403,12.502022981,12.865925654,12.896071627,11.751805185,11.543891703,12.17257639,13.034094005,13.493792432,11.861488425,-0.849652047,-0.651439274,-1.232108754,0.8689715101,1.5364172411,-0.166178517,-1.844051885,-2.284215647,-0.722743022,1.6183848519,2.0764626847,1.3553196295,1.5310450417,1.0796445478,1.0801603623,0.7124745919,0.3807026078,0.3826286589,-1.335167503,-13.80236961,-5.298067643,-12.28973993,0.2906735321,-4.528364596,-12.74072211,-2.707218544,-5.101715452,0.2832173491,-11.72590693,-3.942748013,-10.75869489,1.3703180799,-3.448204233,-12.02824752,-2.326515937,-4.719086793
Arkansas,Conway,21273,21267,21219,21128,21141,21088,20995,20936,20874,20810,20825,20846,-48,-91,13,-53,-93,-59,-62,-64,15,21,57,272,270,271,256,252,237,240,217,227,76,255,255,258,265,261,260,296,233,213,-19,17,15,13,-9,-9,-23,-56,-16,14,1,10,1,-1,-2,1,-3,-2,-1,-5,-28,-118,3,-63,-79,-49,-35,-5,34,14,-27,-108,4,-64,-81,-48,-38,-7,33,9,-2,0,-6,-2,-3,-2,-1,-1,-2,-2,286,286,286,286,286,286,286,286,286,285,285,12.846246487,12.775319974,12.834781785,12.166433001,12.019746727,11.337000718,11.515209673,10.423922181,10.894866934,12.043356082,12.065579976,12.219091146,12.594159162,12.449023396,12.437215977,14.20209193,11.192506305,10.222936815,0.8028904055,0.7097399986,0.6156906391,-0.42772616,-0.429276669,-1.10021526,-2.686882257,-0.768584124,0.6719301193,0.4722884738,0.0473159999,-0.047360818,-0.095050258,0.0476974076,-0.143506338,-0.095960081,-0.048036508,-0.239975043,-5.573003991,0.1419479997,-2.983731559,-3.754485184,-2.337172975,-1.674240612,-0.239900202,1.6332412634,0.6719301193,-5.100715517,0.1892639996,-3.031092377,-3.849535442,-2.289475567,-1.81774695,-0.335860282,1.5852047556,0.4319550767
Arkansas,Craighead,96443,96443,96748,98405,99993,101653,102661,104457,105932,107188,108816,110332,305,1657,1588,1660,1008,1796,1475,1256,1628,1516,338,1364,1404,1424,1428,1564,1549,1486,1464,1456,173,860,881,844,920,912,895,972,964,1030,165,504,523,580,508,652,654,514,500,426,23,152,160,110,150,168,194,122,46,47,117,998,887,957,363,973,629,624,1081,1044,140,1150,1047,1067,513,1141,823,746,1127,1091,0,3,18,13,-13,3,-2,-4,1,-1,3579,3579,3618,3669,3792,3845,3811,3722,3759,3835,3837,13.978775627,14.153368482,14.123761443,13.978484098,15.102501955,14.725104449,13.945195195,13.555304531,13.287823754,8.8135975363,8.8811379147,8.3711057993,9.0057460575,8.8065740303,8.5080493752,9.1216216216,8.9257606341,9.4000401555,5.165178091,5.2722305668,5.752655644,4.9727380405,6.2959279251,6.2170550742,4.8235735736,4.6295438973,3.8877835983,1.5577521227,1.6129194851,1.091020898,1.4683281616,1.6222636372,1.8442028813,1.1448948949,0.4259180386,0.4289338712,10.22787249,8.9416223954,9.4918818127,3.553354151,9.3956102318,5.9794000637,5.8558558559,10.009073906,9.5278076916,11.785624612,10.55454188,10.582902711,5.0216823125,11.017873869,7.823602945,7.0007507508,10.434991945,9.9567415628
Arkansas,Crawford,61948,61935,61956,61796,61911,61667,61807,61904,62263,62894,63379,63257,21,-160,115,-244,140,97,359,631,485,-122,184,707,778,771,818,804,763,723,776,758,164,575,588,618,586,667,620,637,678,658,20,132,190,153,232,137,143,86,98,100,-1,-20,27,40,66,86,55,35,21,5,6,-271,-92,-439,-154,-120,166,513,370,-227,5,-291,-65,-399,-88,-34,221,548,391,-222,-4,-1,-10,2,-4,-6,-5,-3,-4,0,540,540,540,540,540,540,540,540,540,540,540,11.426077962,12.578107949,12.47794915,13.249752984,12.998035745,12.289899893,11.553488818,12.290830185,11.971319372,9.2927791066,9.5063335139,10.001780252,9.4918768324,10.78319632,9.9865503717,10.179214906,10.738637714,10.39198964,2.1332988558,3.0717744348,2.4761688974,3.7578761521,2.2148394241,2.3033495212,1.374273912,1.5521924719,1.5793297325,-0.323227099,0.4365153144,0.6473644176,1.0690509743,1.3903371568,0.885903662,0.5592975223,0.3326126725,0.0789664866,-4.379727196,-1.487385516,-7.104824483,-2.494452273,-1.940005335,2.6738183253,8.1977036842,5.8603185162,-3.585078493,-4.702954296,-1.050870201,-6.457460066,-1.425401299,-0.549668178,3.5597219873,8.7570012065,6.1929311888,-3.506112006
Arkansas,Crittenden,50902,50907,50958,50517,50077,49739,49536,49019,49306,48716,48363,47955,51,-441,-440,-338,-203,-517,287,-590,-353,-408,198,794,787,796,772,831,807,751,732,722,80,506,482,495,496,464,479,545,553,534,118,288,305,301,276,367,328,206,179,188,0,0,8,-15,3,1,8,-1,-7,-7,-66,-732,-778,-632,-489,-894,-48,-796,-526,-591,-66,-732,-770,-647,-486,-893,-40,-797,-533,-598,-1,3,25,8,7,9,-1,1,1,2,701,701,701,701,701,701,701,955,1038,1052,1053,15.649174674,15.647056484,15.949346798,15.552757492,16.863680179,16.41495042,15.323090735,15.080501447,14.992005648,9.972899729,9.5830765254,9.9182495792,9.9924452279,9.4160620973,9.7431985762,11.119952664,11.392783197,11.088270105,5.6762749446,6.063979959,6.0310972189,5.5603122639,7.4476180813,6.6717518434,4.203138071,3.6877182501,3.9037355427,0,0.159055212,-0.300553018,0.0604381768,0.0202932373,0.1627256547,-0.020403583,-0.144212446,-0.145351855,-14.42719882,-15.46811937,-12.66330047,-9.851422815,-18.14215413,-0.976353928,-16.24125196,-10.83653519,-12.2718495,-14.42719882,-15.30906416,-12.96385349,-9.790984639,-18.12186089,-0.813628274,-16.26165555,-10.98074764,-12.41720135
Arkansas,Cross,17870,17878,17862,17809,17703,17521,17181,17255,17025,16792,16630,16419,-16,-53,-106,-182,-340,74,-230,-233,-162,-211,49,218,244,232,220,205,226,215,204,194,23,214,241,246,211,233,219,265,186,207,26,4,3,-14,9,-28,7,-50,18,-13,0,0,0,0,-1,4,6,3,2,2,-44,-57,-112,-170,-356,98,-242,-185,-182,-202,-44,-57,-112,-170,-357,102,-236,-182,-180,-200,2,0,3,2,8,0,-1,-1,0,2,225,225,225,225,225,225,225,225,225,225,225,12.222814051,13.741833746,13.172836702,12.679384474,11.906144732,13.185530922,12.715498122,12.207527976,11.740143423,11.998542233,13.572876774,13.967749262,12.160682381,13.532349866,12.777129522,15.672590709,11.130393154,12.526854065,0.2242718174,0.1689569723,-0.79491256,0.5187020921,-1.626205134,0.4084014002,-2.957092587,1.0771348214,-0.786710642,0,0,0,-0.057633566,0.2323150192,0.3500583431,0.1774255552,0.1196816468,0.1210324064,-3.195873399,-6.307726966,-9.652509653,-20.51754942,5.6917179696,-14.11901984,-10.94124257,-10.89102986,-12.22427305,-3.195873399,-6.307726966,-9.652509653,-20.57518299,5.9240329887,-13.76896149,-10.76381702,-10.77134821,-12.10324064
Arkansas,Dallas,8116,8124,8066,8056,7952,7892,7691,7530,7399,7307,7152,7009,-58,-10,-104,-60,-201,-161,-131,-92,-155,-143,26,98,77,78,64,81,77,71,86,73,50,101,119,113,107,115,103,129,76,79,-24,-3,-42,-35,-43,-34,-26,-58,10,-6,-1,9,3,4,0,0,-2,-1,-2,-2,-34,-15,-66,-29,-161,-127,-103,-33,-164,-133,-35,-6,-63,-25,-161,-127,-105,-34,-166,-135,1,-1,1,0,3,0,0,0,1,-2,405,405,405,405,404,403,402,402,401,401,401,12.157300583,9.620189905,9.8459984852,8.2140794455,10.643190329,10.315493335,9.6559227526,11.895705097,10.310006355,12.529462846,14.867566217,14.264074729,13.732914073,15.110702319,13.798646929,17.543859649,10.512483574,11.157404138,-0.372162263,-5.247376312,-4.418076243,-5.518834627,-4.46751199,-3.483153594,-7.887936897,1.3832215229,-0.847397783,1.1164867882,0.3748125937,0.5049229992,0,0,-0.267934892,-0.135998912,-0.276644305,-0.282465928,-1.860811314,-8.245877061,-3.660691745,-20.66354361,-16.68747126,-13.79864693,-4.487964096,-22.68483298,-18.78398418,-0.744324525,-7.871064468,-3.155768745,-20.66354361,-16.68747126,-14.06658182,-4.623963008,-22.96147728,-19.06645011
Arkansas,Desha,13008,13002,12954,12731,12590,12502,12270,12029,11905,11743,11507,11361,-48,-223,-141,-88,-232,-241,-124,-162,-236,-146,42,196,174,154,172,163,163,155,137,135,51,149,155,133,153,172,164,159,170,172,-9,47,19,21,19,-9,-1,-4,-33,-37,1,1,4,26,6,18,3,4,-2,-1,-41,-273,-169,-137,-262,-252,-127,-163,-201,-108,-40,-272,-165,-111,-256,-234,-124,-159,-203,-109,1,2,5,2,5,2,1,1,0,0,56,56,56,56,56,56,56,56,56,56,56,15.261825968,13.743533036,12.274828631,13.886646213,13.416189967,13.620790507,13.108930988,11.784946237,11.806891726,11.602102394,12.242802417,10.600988363,12.352656225,14.156961192,13.704353639,13.447225981,14.623655914,15.042854644,3.6597235741,1.5007306189,1.6738402678,1.5339899887,-0.740771225,-0.083563132,-0.338294993,-2.838709677,-3.235962918,0.077866459,0.3159432882,2.0723736649,0.4844178912,1.4815424503,0.2506893958,0.3382949932,-0.172043011,-0.087458457,-21.25754331,-13.34860393,-10.91981508,-21.15291458,-20.7415943,-10.61251776,-13.78552097,-17.29032258,-9.445513381,-21.17967685,-13.03266064,-8.847441416,-20.66849669,-19.26005185,-10.36182836,-13.44722598,-17.46236559,-9.532971838
Arkansas,Drew,18509,18517,18666,18735,18788,18686,18642,18613,18553,18370,18328,18219,149,69,53,-102,-44,-29,-60,-183,-42,-109,45,220,241,225,255,239,242,251,219,228,65,165,179,176,230,196,236,211,187,198,-20,55,62,49,25,43,6,40,32,30,3,25,9,12,-1,-3,-3,-5,-5,-5,146,-9,-17,-168,-66,-68,-62,-218,-68,-134,149,16,-8,-156,-67,-71,-65,-223,-73,-139,20,-2,-1,5,-2,-1,-1,0,-1,0,785,956,983,979,905,997,977,992,905,895,895,11.764391326,12.845454788,12.008325773,13.662666095,12.830492551,13.022655115,13.595861658,11.935255327,12.477084302,8.8232934948,9.5408149668,9.393179271,12.323189027,10.522077573,12.699779368,11.429190477,10.191291079,10.835362684,2.9410978316,3.3046398209,2.6151465016,1.3394770682,2.3084149779,0.3228757467,2.1666711806,1.7439642487,1.6417216187,1.3368626507,0.4797057805,0.6404440412,-0.053579083,-0.161052208,-0.161437873,-0.270833898,-0.272494414,-0.27362027,-0.481270554,-0.906110919,-8.966216577,-3.53621946,-3.650516709,-3.336382715,-11.80835793,-3.705924029,-7.33302323,0.8555920965,-0.426405138,-8.325772536,-3.589798543,-3.811568917,-3.497820589,-12.07919183,-3.978418442,-7.6066435
Arkansas,Faulkner,113237,113238,114026,116280,118523,119176,120562,121241,122206,123530,125138,126007,788,2254,2243,653,1386,679,965,1324,1608,869,388,1579,1562,1514,1549,1560,1555,1519,1554,1516,239,806,834,906,865,917,977,931,940,920,149,773,728,608,684,643,578,588,614,596,22,95,150,55,110,129,170,104,40,41,570,1377,1334,6,598,-79,221,632,951,232,592,1472,1484,61,708,50,391,736,991,273,47,9,31,-16,-6,-14,-4,0,3,0,4055,4229,4278,4344,4362,4363,4408,4370,4198,4408,4407,13.712191606,13.304770382,12.738799911,12.922440331,12.903065719,12.774854486,12.362860956,12.498592501,12.072707002,6.999383429,7.1038274639,7.6230863403,7.2162110304,7.5846867078,8.0263876737,7.5772373604,7.5602811781,7.3264448824,6.7128081769,6.2009429181,5.1157135705,5.7062293003,5.318379011,4.7484668121,4.7856235961,4.9383113227,4.7462621195,0.824989362,1.27766681,0.4627701421,0.9176684547,1.0669842806,1.3966078859,0.8464368265,0.3217140927,0.3265046089,11.958003699,11.362716831,0.0504840155,4.9887794175,-0.653424482,1.8155902517,5.1437314842,7.6487525536,1.8475382747,12.782993061,12.640383641,0.5132541576,5.9064478723,0.4135597987,3.2121981376,5.9901683107,7.9704666463,2.1740428836
Arkansas,Franklin,18125,18137,18142,18009,17959,17915,17828,17749,17655,17809,17764,17715,5,-133,-50,-44,-87,-79,-94,154,-45,-49,44,201,208,182,197,216,189,181,185,178,35,234,247,216,219,249,240,238,190,190,9,-33,-39,-34,-22,-33,-51,-57,-5,-12,1,2,1,4,2,3,6,6,9,-1,-3,-102,-15,-11,-67,-47,-49,205,-49,-34,-2,-100,-14,-7,-65,-44,-43,211,-40,-35,-2,0,3,-3,0,-2,0,0,0,-2,447,447,445,446,446,447,448,448,447,447,447,11.120024342,11.565836299,10.146624296,11.023137398,12.142676448,10.676759688,10.207534401,10.401146937,10.034104682,12.945699981,13.734430605,12.042147516,12.254147665,13.997807572,13.55779008,13.422061809,10.682259017,10.710561177,-1.825675638,-2.168594306,-1.89552322,-1.231010268,-1.855131124,-2.881030392,-3.214527408,-0.281112079,-0.676456495,0.1106470084,0.0556049822,0.2230027318,0.1119100243,0.168648284,0.338944752,0.3383713061,0.5060017429,-0.056371375,-5.642997427,-0.834074733,-0.613257512,-3.748985815,-2.642156449,-2.768048808,11.561019626,-2.754898378,-1.916626737,-5.532350419,-0.778469751,-0.390254781,-3.637075791,-2.473508165,-2.429104056,11.899390932,-2.248896635,-1.972998112
Arkansas,Fulton,12245,12236,12215,12240,12169,12170,12081,12138,12099,12131,12308,12477,-21,25,-71,1,-89,57,-39,32,177,169,31,94,120,117,108,112,110,118,125,134,70,167,151,152,181,154,171,191,211,201,-39,-73,-31,-35,-73,-42,-61,-73,-86,-67,1,-2,-6,-5,4,8,12,9,5,5,17,100,-33,43,-19,90,12,96,259,232,18,98,-39,38,-15,98,24,105,264,237,0,0,-1,-2,-1,1,-2,0,-1,-1,165,165,165,165,165,165,165,165,165,165,165,7.68758945,9.8324388545,9.614199433,8.9068492021,9.2489367852,9.0770309857,9.7399917458,10.229551127,10.812991729,13.657738704,12.372485559,12.490241998,14.927219496,12.71728808,14.11065726,15.76557986,17.267482303,16.219487593,-5.970149254,-2.540046704,-2.876042565,-6.020370294,-3.468351294,-5.033626274,-6.025588114,-7.037931176,-5.406495864,-0.163565733,-0.491621943,-0.410863224,0.3298833038,0.6606383418,0.9902215621,0.7428807264,0.4091820451,0.4034698406,8.1782866489,-2.703920685,3.5334237232,-1.566945693,7.4321813452,0.9902215621,7.9240610813,21.195629936,18.721000605,8.014720916,-3.195542628,3.1225604996,-1.237062389,8.092819687,1.9804431241,8.6669418077,21.604811981,19.124470446
Arkansas,Garland,96024,95999,96067,96854,96986,97654,97758,97814,98282,98327,98966,99386,68,787,132,668,104,56,468,45,639,420,292,1148,1078,1113,1081,1096,1124,1075,1108,1071,367,1342,1348,1419,1302,1387,1373,1390,1413,1347,-75,-194,-270,-306,-221,-291,-249,-315,-305,-276,5,1,-16,-4,-6,37,28,-1,-27,-27,137,980,428,965,349,319,693,366,971,726,142,981,412,961,343,356,721,365,944,699,1,0,-10,13,-18,-9,-4,-5,0,-3,2166,2168,2164,2167,2167,2171,2172,2167,2165,2164,2165,11.901244551,11.12257532,11.43649815,11.063803656,11.208148406,11.463772846,10.935409874,11.232025465,10.798983625,13.912430477,13.908378044,14.580764488,13.32569136,14.184034524,14.0033453,14.139739279,14.32387363,13.581914979,-2.011185926,-2.785802724,-3.144266338,-2.261887704,-2.975886119,-2.539572454,-3.204329405,-3.091848165,-2.782931354,0.0103669378,-0.165084606,-0.041101521,-0.061408716,0.3783772728,0.2855744125,-0.010172474,-0.273704592,-0.272243285,10.159599007,4.4160132068,9.9157418824,3.5719403107,3.2622256765,7.0679667102,3.7231255945,9.8432280922,7.3203194321,10.169965945,4.2509286009,9.8746403617,3.5105315948,3.6406029493,7.3535411227,3.7129531202,9.5695235006,7.0480761475
Arkansas,Grant,17853,17842,17886,17947,18038,18046,18074,18016,18064,18103,18180,18265,44,61,91,8,28,-58,48,39,77,85,46,188,209,217,166,198,189,183,180,172,31,194,192,183,172,196,203,196,196,188,15,-6,17,34,-6,2,-14,-13,-16,-16,1,23,4,1,-6,-7,-6,-5,-6,-6,29,44,71,-29,44,-53,70,56,101,107,30,67,75,-28,38,-60,64,51,95,101,-1,0,-1,2,-4,0,-2,1,-2,0,143,143,143,143,143,143,143,143,143,143,143,10.493120866,11.615951091,12.027491409,9.1915836102,10.972568579,10.476718404,10.119722399,9.9220020395,9.4388805049,10.828007702,10.671112964,10.142999667,9.5238095238,10.861734553,11.252771619,10.838609782,10.803957776,10.316915901,-0.334886836,0.944838127,1.8844917415,-0.332225914,0.110834026,-0.776053215,-0.718887384,-0.881955737,-0.878035396,1.2837328719,0.2223148534,0.0554262277,-0.332225914,-0.387919091,-0.332594235,-0.276495148,-0.330733401,-0.329263273,2.4558367985,3.946088648,-1.607360603,2.4363233666,-2.93710169,3.8802660754,3.0967456521,5.5673455888,5.8718617094,3.7395696704,4.1684035015,-1.551934375,2.1040974529,-3.325020781,3.5476718404,2.8202505046,5.2366121875,5.542598436
Arkansas,Greene,42090,42090,42201,42763,43229,43160,43788,44300,44730,44993,45339,45325,111,562,466,-69,628,512,430,263,346,-14,128,537,574,567,549,608,587,568,584,587,91,453,457,503,467,450,490,513,520,505,37,84,117,64,82,158,97,55,64,82,-1,13,31,16,12,-4,-1,-4,-7,-7,74,465,316,-143,526,360,336,210,291,-87,73,478,347,-127,538,356,335,206,284,-94,1,0,2,-6,8,-2,-2,2,-2,-2,602,602,602,602,602,602,602,602,602,602,602,12.640647804,13.350079077,13.12667122,12.628237567,13.804377441,13.186566326,12.661190553,12.930080149,12.948910262,10.663339767,10.628895711,11.6450011,10.742052721,10.217055672,11.007525553,11.435194989,11.513085064,11.14003353,1.9773080363,2.7211833659,1.48167012,1.8861848461,3.5873217691,2.1790407728,1.2259955641,1.4169950848,1.8088767317,0.306011958,0.7209973021,0.37041753,0.2760270507,-0.090818273,-0.022464338,-0.089163314,-0.154983837,-0.154416306,10.945812344,7.3495208857,-3.310606674,12.09918572,8.1736445373,7.5480175222,4.6810739721,6.4428995262,-1.919174093,11.251824302,8.0705181877,-2.940189144,12.375212771,8.0828262646,7.5255531843,4.5919106584,6.2879156888,-2.0735904
Arkansas,Hempstead,22609,22587,22596,22488,22344,22420,22326,22085,22032,21876,21685,21532,9,-108,-144,76,-94,-241,-53,-156,-191,-153,104,320,339,312,323,332,319,316,299,291,51,252,246,230,235,247,222,237,264,233,53,68,93,82,88,85,97,79,35,58,1,-18,-18,-6,-16,0,-10,-11,-14,-13,-46,-158,-226,3,-168,-325,-138,-224,-213,-199,-45,-176,-244,-3,-184,-325,-148,-235,-227,-212,1,0,7,-3,2,-1,-2,0,1,1,301,301,301,301,301,301,301,301,301,301,301,14.195723538,15.123126338,13.939773032,14.437044652,14.951250816,14.461545436,14.393732349,13.727875852,13.466922739,11.179132286,10.974304069,10.276114735,10.503732177,11.123370336,10.064147607,10.795299262,12.120933863,10.782793808,3.0165912519,4.1488222698,3.6636582968,3.9333124749,3.8278804801,4.3973978285,3.5984330874,1.6069419894,2.6841289307,-0.798509449,-0.802997859,-0.268072558,-0.715147723,0,-0.453339982,-0.501047645,-0.642776796,-0.601615105,-7.009138497,-10.08208423,0.1340362792,-7.509051088,-14.6360136,-6.256091756,-10.20315205,-9.779389821,-9.209338918,-7.807647946,-10.88508208,-0.134036279,-8.224198811,-14.6360136,-6.709431738,-10.70419969,-10.42216662,-9.810954023
Arkansas,Hot Spring,32923,33011,33231,33142,33507,33528,33409,33497,33438,33606,33672,33771,220,-89,365,21,-119,88,-59,168,66,99,75,386,332,360,338,371,352,362,361,361,56,355,382,391,414,422,396,419,417,379,19,31,-50,-31,-76,-51,-44,-57,-56,-18,2,6,0,12,0,4,3,4,-1,-1,178,-124,395,46,-32,134,-15,222,124,119,180,-118,395,58,-32,138,-12,226,123,118,21,-2,20,-6,-11,1,-3,-1,-1,-1,1571,1753,1674,2148,2138,2136,2268,2274,2342,2332,2332,11.631235593,9.9626400996,10.740657865,10.099048359,11.090186231,10.517666393,10.798878349,10.731591308,10.705336358,10.697120817,11.463037705,11.665547848,12.369840298,12.61471318,11.832374692,12.499254221,12.396325693,11.239120442,0.9341147756,-1.500397605,-0.924889983,-2.270791939,-1.524526948,-1.314708299,-1.700375873,-1.664734386,-0.533784084,0.1807964082,0,0.3580219288,0,0.119570741,0.0896392022,0.1193246226,-0.0297274,-0.029654671,-3.736459102,11.853141082,1.3724173939,-0.956122922,4.0056198248,-0.448196011,6.6225165563,3.6861975683,3.5289058909,-3.555662694,11.853141082,1.7304393227,-0.956122922,4.1251905659,-0.358556809,6.7418411789,3.6564701686,3.4992512195
Arkansas,Howard,13789,13781,13796,13816,13675,13543,13492,13336,13350,13365,13302,13202,15,20,-141,-132,-51,-156,14,15,-63,-100,48,188,192,188,190,175,187,196,161,172,37,163,161,184,161,177,160,163,175,171,11,25,31,4,29,-2,27,33,-14,1,3,12,7,22,8,7,-1,1,-2,-2,1,-15,-183,-161,-87,-163,-11,-19,-47,-99,4,-3,-176,-139,-79,-156,-12,-18,-49,-101,0,-2,4,3,-1,2,-1,0,0,0,181,181,181,181,181,181,181,181,181,181,181,13.617267855,13.968207777,13.814387538,14.055853523,13.046071269,14.014839242,14.673404454,12.074849064,12.979172955,11.806460959,11.71292423,13.520464399,11.910486407,13.195169226,11.991306303,12.202882276,13.12483594,12.903712647,1.8108068956,2.2552835473,0.2939231391,2.1453671167,-0.149097957,2.0235329386,2.4705221786,-1.049986875,0.0754603079,0.8691873099,0.5092575752,1.616577265,0.5918254115,0.5218428508,-0.074945664,0.0748643084,-0.149998125,-0.150920616,-1.086484137,-13.31344804,-11.83040635,-6.43610135,-12.15148352,-0.824402308,-1.42242186,-3.524955938,-7.47057048,-0.217296827,-12.80419046,-10.21382908,-5.844275939,-11.62964067,-0.899347973,-1.347557552,-3.674954063,-7.621491096
Arkansas,Independence,36647,36641,36809,36884,36953,36885,37080,37035,37117,37391,37768,37825,168,75,69,-68,195,-45,82,274,377,57,120,452,481,472,458,454,486,453,536,513,101,388,404,418,393,472,410,457,394,430,19,64,77,54,65,-18,76,-4,142,83,6,78,15,36,0,7,4,5,-7,-7,132,-66,-17,-153,135,-30,5,275,244,-17,138,12,-2,-117,135,-23,9,280,237,-24,11,-1,-6,-5,-5,-4,-3,-2,-2,-2,900,988,922,937,919,1034,1024,995,955,966,966,12.267108138,13.028698349,12.784744982,12.384235787,12.251231195,13.108210163,12.159768079,14.263095571,13.572685302,10.530172472,10.943023146,11.32208348,10.626647739,12.736962828,11.058366598,12.267139099,10.484439655,11.376714775,1.7369356655,2.0856752035,1.4626615022,1.7575880484,-0.485731633,2.0498435646,-0.107371021,3.7786559161,2.1959705264,2.1168903424,0.4063003643,0.9751076681,0,0.1888956352,0.1078865034,0.1342137757,-0.186271771,-0.185202334,-1.791214905,-0.460473746,-4.14420759,3.6503751774,-0.809552722,0.1348581292,7.3817576636,6.492901715,-0.449777096,0.3256754373,-0.054173382,-3.169099921,3.6503751774,-0.620657087,0.2427446326,7.5159714393,6.3066299445,-0.634979429
Arkansas,Izard,13696,13703,13726,13572,13541,13411,13557,13487,13488,13666,13582,13629,23,-154,-31,-130,146,-70,1,178,-84,47,35,114,122,123,118,99,109,124,116,119,21,196,182,198,194,203,172,200,192,188,14,-82,-60,-75,-76,-104,-63,-76,-76,-69,1,5,14,6,11,8,3,2,2,2,10,-76,16,-60,205,26,61,254,-8,113,11,-71,30,-54,216,34,64,256,-6,115,-2,-1,-1,-1,6,0,0,-2,-2,1,769,769,769,769,769,942,992,1011,998,1005,1002,8.3522602388,8.9993729945,9.1273374889,8.7511124295,7.3214021594,8.0815569972,9.1330927304,8.514386377,8.7464628275,14.360026376,13.425294139,14.692787177,14.38742213,15.012572105,12.752548656,14.730794726,14.092777452,13.817941274,-6.007766137,-4.425921145,-5.565449688,-5.6363097,-7.691169945,-4.670991659,-5.597701996,-5.578391075,-5.071478446,0.3663272035,1.0327149338,0.4452359751,0.8157816672,0.5916284573,0.2224281742,0.1473079473,0.1467997651,0.1469993753,-5.568173493,1.1802456386,-4.452359751,15.203203797,1.9227924863,4.5227062095,18.708109302,-0.58719906,8.3054647018,-5.201846289,2.2129605724,-4.007123776,16.018985464,2.5144209436,4.7451343837,18.85541725,-0.440399295,8.452464077
Arkansas,Jackson,17997,17998,18057,17887,17680,17729,17591,17365,17282,17017,16753,16719,59,-170,-207,49,-138,-226,-83,-265,-264,-34,44,184,208,207,200,171,204,215,193,187,36,234,238,242,211,240,218,258,216,206,8,-50,-30,-35,-11,-69,-14,-43,-23,-19,0,-1,3,3,0,-2,-2,-2,-2,-2,44,-119,-183,81,-127,-153,-67,-221,-240,-12,44,-120,-180,84,-127,-155,-69,-223,-242,-14,7,0,3,0,0,-2,0,1,1,-1,2000,2070,2024,2000,2078,2130,2218,2262,2215,2210,2210,10.238148231,11.696235274,11.691942726,11.325028313,9.7837281153,11.775911334,12.536808653,11.430263548,11.173518164,13.020253728,13.383192285,13.668841255,11.94790487,13.731548232,12.584062112,15.044170384,12.792419307,12.308795411,-2.782105497,-1.686957011,-1.976898529,-0.622876557,-3.947820117,-0.808150778,-2.507361731,-1.36215576,-1.135277247,-0.05564211,0.1686957011,0.1694484453,0,-0.114429569,-0.115450111,-0.116621476,-0.118448327,-0.119502868,-6.621411084,-10.29043777,4.5751080234,-7.191392978,-8.753861998,-3.867578723,-12.88667308,-14.21379923,-0.717017208,-6.677053194,-10.12174206,4.7445564687,-7.191392978,-8.868291567,-3.983028834,-13.00329456,-14.33224756,-0.836520076
Arkansas,Jefferson,77435,77456,77341,76039,74634,73191,72458,71872,70407,69238,68067,66824,-115,-1302,-1405,-1443,-733,-586,-1465,-1169,-1171,-1243,250,973,898,942,956,951,893,852,822,788,202,782,854,861,819,880,881,859,840,827,48,191,44,81,137,71,12,-7,-18,-39,1,12,22,16,21,33,34,21,6,6,-169,-1515,-1524,-1578,-903,-689,-1517,-1187,-1163,-1214,-168,-1503,-1502,-1562,-882,-656,-1483,-1166,-1157,-1208,5,10,53,38,12,-1,6,4,4,4,5530,5532,5316,4804,4571,4716,5219,5326,5406,5424,5424,12.687442952,11.919852927,12.744799594,13.12745024,13.178133444,12.552801186,12.202370296,11.973344015,11.683507425,10.196896597,11.335806681,11.648909183,11.246215216,12.194277004,12.384118528,12.302624512,12.23553403,12.261752081,2.4905463555,0.5840462458,1.095890411,1.8812350239,0.9838564401,0.1686826587,-0.100254216,-0.262190015,-0.578244657,0.1564741166,0.2920231229,0.2164721799,0.2883644927,0.4572853877,0.4779341997,0.3007626481,0.0873966716,0.0889607164,-19.75485722,-20.22923815,-21.34956875,-12.39967319,-9.547564609,-21.32429944,-17.00025064,-16.94038819,-17.99971829,-19.5983831,-19.93721503,-21.13309657,-12.11130869,-9.090279221,-20.84636524,-16.69948799,-16.85299152,-17.91075757
Arkansas,Johnson,25540,25545,25556,25675,25914,25932,25969,26094,26127,26401,26659,26578,11,119,239,18,37,125,33,274,258,-81,94,329,368,360,349,337,366,359,335,326,85,259,249,294,226,274,259,285,258,252,9,70,119,66,123,63,107,74,77,74,6,62,44,36,20,29,17,10,-4,-4,0,-12,80,-79,-108,36,-89,192,185,-150,6,50,124,-43,-88,65,-72,202,181,-154,-4,-1,-4,-5,2,-3,-2,-2,0,-1,558,558,551,520,556,555,580,579,619,690,690,12.843785989,14.266607222,13.887281565,13.448681143,12.945854061,14.017349342,13.668900396,12.627214474,12.247121363,10.111065566,9.6532206478,11.341279944,8.7088880754,10.525709237,9.9193810919,10.851355468,9.724839804,9.4670999493,2.7327204232,4.6133865747,2.5460016202,4.7397930676,2.4201448245,4.0979682503,2.8175449284,2.9023746702,2.7800214137,2.4204095177,1.705789994,1.3887281565,0.7706980598,1.1140349192,0.6510790678,0.3807493147,-0.15077271,-0.150271428,-0.468466358,3.1014363527,-3.047486788,-4.161769523,1.3829398997,-3.408590414,7.3103868413,6.973237844,-5.635178541,1.9519431594,4.8072263467,-1.658758631,-3.391071463,2.496974819,-2.757511346,7.691136156,6.8224651338,-5.785449969
Arkansas,Lafayette,7645,7643,7647,7536,7450,7284,7158,7010,6888,6797,6679,6624,4,-111,-86,-166,-126,-148,-122,-91,-118,-55,20,74,65,56,79,73,76,82,63,61,10,119,89,118,108,105,85,110,72,94,10,-45,-24,-62,-29,-32,-9,-28,-9,-33,0,3,-1,5,5,3,1,1,-1,-1,-6,-69,-62,-110,-101,-121,-114,-64,-109,-20,-6,-66,-63,-105,-96,-118,-113,-63,-110,-21,0,0,1,1,-1,2,0,0,1,-1,111,111,113,115,110,113,113,113,95,105,105,9.7477441876,8.6747631122,7.601465997,10.940312976,10.304912479,10.936825443,11.983924004,9.3499554764,9.170863715,15.675426464,11.877752569,16.017374779,14.956377233,14.822134387,12.231975824,16.075995616,10.685663402,14.132150643,-5.927682276,-3.202989457,-8.415908782,-4.016064257,-4.517221909,-1.295150381,-4.092071611,-1.335707925,-4.961286928,0.3951788184,-0.133457894,0.6787023212,0.6924248719,0.4234895539,0.1439055979,0.1461454147,-0.148411992,-0.150342028,-9.089112824,-8.27438943,-14.93145107,-13.98698241,-17.08074534,-16.40523816,-9.35330654,-16.17690709,-3.006840562,-8.693934005,-8.407847324,-14.25274874,-13.29455754,-16.65725579,-16.26133257,-9.207161125,-16.32531909,-3.15718259
Arkansas,Lawrence,17415,17410,17518,17282,17040,17054,16969,16696,16639,16571,16432,16406,108,-236,-242,14,-85,-273,-57,-68,-139,-26,50,167,189,188,199,193,186,190,204,194,37,233,247,223,261,222,243,262,257,249,13,-66,-58,-35,-62,-29,-57,-72,-53,-55,1,5,0,3,0,1,0,0,-3,-3,85,-175,-189,48,-18,-248,1,6,-83,32,86,-170,-189,51,-18,-247,1,6,-86,29,9,0,5,-2,-5,3,-1,-2,0,0,595,674,651,634,630,684,653,613,653,662,663,9.5977011494,11.013344211,11.028333431,11.697969021,11.465914154,11.159442028,11.442336646,12.362512499,11.815579512,13.390804598,14.393100635,13.081480612,15.342562384,13.188771721,14.579271036,15.778380006,15.574341727,15.165357208,-3.793103448,-3.379756424,-2.053147181,-3.644593363,-1.722857567,-3.419829009,-4.33604336,-3.211829228,-3.349777697,0.2873563218,0,0.1759840441,0,0.0594088816,0,0,-0.181801654,-0.182715147,-10.05747126,-11.01334421,2.8157447058,-1.058107751,-14.73340264,0.0599970001,0.3613369467,-5.029845772,1.9489615689,-9.770114943,-11.01334421,2.9917287499,-1.058107751,-14.67399376,0.0599970001,0.3613369467,-5.211647426,1.7662464218
Arkansas,Lee,10424,10428,10395,10291,10184,10010,9839,9672,9337,9127,8976,8857,-33,-104,-107,-174,-171,-167,-335,-210,-151,-119,20,103,111,97,106,105,102,90,86,81,11,112,143,143,123,123,112,115,101,120,9,-9,-32,-46,-17,-18,-10,-25,-15,-39,3,0,1,1,0,0,0,0,0,0,-48,-95,-79,-130,-155,-150,-327,-187,-136,-80,-45,-95,-78,-129,-155,-150,-327,-187,-136,-80,3,0,3,1,1,1,2,2,0,0,1756,1717,1725,1719,1747,1739,1745,1756,1747,1738,1738,9.9584259886,10.842490842,9.6068139051,10.680638823,10.763159244,10.731758641,9.7487001733,9.5011876485,9.0842819492,10.828579716,13.968253968,14.162622561,12.393571465,12.608272257,11.783891841,12.456672444,11.158371541,13.45819548,-0.870153727,-3.125763126,-4.555808656,-1.712932641,-1.845113013,-1.0521332,-2.70797227,-1.657183892,-4.373913531,0,0.0976800977,0.0990393186,0,0,0,0,0,0,-9.184956009,-7.716727717,-12.87511142,-15.61791526,-15.37594178,-34.40475564,-20.25563258,-15.02513396,-8.97213032,-9.184956009,-7.619047619,-12.7760721,-15.61791526,-15.37594178,-34.40475564,-20.25563258,-15.02513396,-8.97213032
Arkansas,Lincoln,14134,14141,14089,14339,14180,14063,14025,13866,13728,13475,13184,13024,-52,250,-159,-117,-38,-159,-138,-253,-291,-160,33,123,130,109,126,92,119,121,100,100,19,115,108,153,123,125,131,153,156,146,14,8,22,-44,3,-33,-12,-32,-56,-46,1,1,-3,-5,-9,8,5,11,1,1,-72,238,-184,-67,-29,-134,-132,-234,-239,-113,-71,239,-187,-72,-38,-126,-127,-223,-238,-112,5,3,6,-1,-3,0,1,2,3,-2,3445,3410,3691,3682,3704,3746,3790,3799,3734,3545,3547,8.6534402702,9.1167291981,7.7187267642,8.9718029052,6.5971101789,8.6250634196,8.8960776385,7.5021568701,7.6312576313,8.0906148867,7.573898103,10.834543073,8.7581885503,8.963464917,9.494817714,11.248759328,11.703364717,11.141636142,0.5628253834,1.5428310951,-3.115816308,0.2136143549,-2.366354738,-0.869754294,-2.35268169,-4.201207847,-3.51037851,0.0703531729,-0.210386058,-0.354070035,-0.640843065,0.5736617547,0.3623976227,0.8087343308,0.0750215687,0.0763125763,16.744055157,-12.90367825,-4.74453847,-2.064938764,-9.608834391,-9.567297239,-17.20398485,-17.93015492,-8.623321123,16.81440833,-13.11406431,-5.098608505,-2.705781829,-9.035172636,-9.204899616,-16.39525052,-17.85513335,-8.547008547
Arkansas,Little River,13171,13168,13132,12945,12916,12733,12503,12402,12406,12373,12297,12259,-36,-187,-29,-183,-230,-101,4,-33,-76,-38,44,126,137,140,156,115,138,158,142,136,57,171,156,143,162,165,184,170,166,176,-13,-45,-19,-3,-6,-50,-46,-12,-24,-40,0,-5,-6,-5,-4,-3,-3,-3,-3,-3,-25,-136,-1,-180,-224,-48,53,-16,-50,6,-25,-141,-7,-185,-228,-51,50,-19,-53,3,2,-1,-3,5,4,0,0,-2,1,-1,123,123,123,123,123,123,123,123,123,123,123,9.6636883077,10.595104598,10.916604936,12.363290537,9.2350933547,11.125443405,12.75273417,11.511957844,11.076722593,13.11500556,12.064498666,11.150532184,12.838801712,13.250351335,14.83392454,13.721296259,13.457640859,14.33458218,-3.451317253,-1.469394068,-0.233927249,-0.475511175,-4.01525798,-3.708481135,-0.968562089,-1.945683016,-3.257859586,-0.383479695,-0.464019179,-0.389878748,-0.31700745,-0.240915479,-0.241857465,-0.242140522,-0.243210377,-0.244339469,-10.4306477,-0.07733653,-14.03563492,-17.75241718,-3.854647661,4.2728152209,-1.291416118,-4.053506283,0.4886789379,-10.81412739,-0.541355709,-14.42551367,-18.06942463,-4.09556314,4.0309577556,-1.533556641,-4.29671666,0.244339469
Arkansas,Logan,22353,22361,22308,22242,21928,22031,21866,21729,21732,21739,21673,21466,-53,-66,-314,103,-165,-137,3,7,-66,-207,54,259,272,260,227,291,287,273,231,235,96,264,261,271,294,302,287,273,287,296,-42,-5,11,-11,-67,-11,0,0,-56,-61,3,-1,18,39,36,35,22,16,10,10,-12,-60,-353,80,-132,-162,-18,-7,-19,-156,-9,-61,-335,119,-96,-127,4,9,-9,-146,-2,0,10,-5,-2,1,-1,-2,-1,0,580,580,580,582,582,581,578,578,580,580,579,11.627384961,12.316051619,11.829204486,10.342392419,13.350154834,13.207243276,12.560097536,10.642218741,10.895013793,11.851851852,11.817976002,12.32967083,13.394992824,13.854799862,13.207243276,12.560097536,13.222150557,13.723081203,-0.224466891,0.4980756169,-0.500466344,-3.052600405,-0.504645028,0,0,-2.579931816,-2.82806741,-0.044893378,0.8150328277,1.7743806729,1.640203203,1.6056887258,1.0124019236,0.7361229325,0.46070211,0.4636176082,-2.693602694,-15.98369934,3.6397552265,-6.014078411,-7.432044959,-0.828328847,-0.322053783,-0.875334009,-7.232434688,-2.738496072,-15.16866652,5.4141358994,-4.373875208,-5.826356234,0.184073077,0.4140691495,-0.414631899,-6.76881708
Arkansas,Lonoke,68356,68382,68744,69529,70109,70742,71368,71359,71803,72778,73391,73309,362,785,580,633,626,-9,444,975,613,-82,228,973,956,954,962,981,976,907,865,858,103,603,605,640,576,674,672,694,698,690,125,370,351,314,386,307,304,213,167,168,43,123,154,97,118,105,36,2,-26,-12,187,294,89,235,135,-421,108,761,474,-242,230,417,243,332,253,-316,144,763,448,-254,7,-2,-14,-13,-13,0,-4,-1,-2,4,572,572,572,572,572,572,572,572,572,572,573,14.073608007,13.692547874,13.546229704,13.538807966,13.746523083,13.634903117,12.546600176,11.835614939,11.697341513,8.7218762882,8.6652630373,9.0876174113,8.1063964535,9.4446040343,9.3879660804,9.6001549305,9.5505887021,9.4069529652,5.3517317191,5.0272848365,4.4586122924,5.4324115122,4.3019190483,4.2469370364,2.9464452452,2.2850262368,2.2903885481,1.7790891931,2.2057033186,1.3773420139,1.6606853846,1.4713403911,0.5029267543,0.0276661525,-0.355752588,-0.163599182,4.2524570957,1.2747246452,3.3368595182,1.8999366688,-5.89937433,1.5087802629,10.52697104,6.4856433307,-3.29925017,6.0315462889,3.4804279637,4.7142015321,3.5606220533,-4.428033939,2.0117070172,10.554637193,6.1298907429,-3.462849352
Arkansas,Madison,15717,15723,15684,15662,15597,15679,15731,15705,16112,16299,16362,16576,-39,-22,-65,82,52,-26,407,187,63,214,47,167,206,192,210,183,216,247,191,207,64,180,165,149,168,193,168,227,151,141,-17,-13,41,43,42,-10,48,20,40,66,2,3,2,2,17,13,14,13,12,-5,-25,-13,-108,39,-6,-27,344,155,13,152,-23,-10,-106,41,11,-14,358,168,25,147,1,1,0,-2,-1,-2,1,-1,-2,1,79,79,79,79,79,79,79,79,79,79,79,10.65526702,13.180204101,12.277784883,13.371537727,11.642702634,13.57764717,15.241738916,11.695906433,12.56906916,11.484718943,10.556959596,9.5280726436,10.697230181,12.278915893,10.560392243,14.007590016,9.2465019442,8.5615398628,-0.829451924,2.6232445056,2.7497122394,2.6743075454,-0.636213259,3.0172549266,1.2341489001,2.4494044885,4.0075292975,0.1914119824,0.1279631466,0.1278935925,1.082457816,0.8270772363,0.8800326869,0.802196785,0.7348213466,-0.303600704,-0.829451924,-6.910009917,2.4939250544,-0.382043935,-1.717775798,21.623660307,9.5646539755,0.7960564588,9.2294614124,-0.638039941,-6.782046771,2.6218186469,0.7004138809,-0.890698562,22.503692994,10.366850761,1.5308778053,8.925860708
Arkansas,Marion,16653,16644,16665,16671,16621,16444,16423,16215,16376,16429,16665,16694,21,6,-50,-177,-21,-208,161,53,236,29,40,158,154,143,156,147,163,165,152,141,35,236,225,258,253,262,250,268,277,278,5,-78,-71,-115,-97,-115,-87,-103,-125,-137,2,2,6,1,2,12,12,3,-4,-4,14,84,17,-60,75,-102,235,154,363,172,16,86,23,-59,77,-90,247,157,359,168,0,-2,-2,-3,-1,-3,1,-1,2,-2,141,141,141,141,141,141,141,141,141,141,141,9.4792416607,9.2514718251,8.6496295176,9.4928043326,9.0079048961,10.002761499,10.059442158,9.185955158,8.4534908121,14.158867291,13.516760783,15.605625284,15.395381386,16.054905325,15.34165874,16.338972718,16.740194597,16.667166282,-4.67962563,-4.265288958,-6.955995766,-5.902577053,-7.047000429,-5.338897242,-6.279530559,-7.554239439,-8.21367547,0.1199904008,0.3604469542,0.0604869197,0.1217026196,0.7353391752,0.7363996195,0.1828989483,-0.241735662,-0.239815342,5.0395968323,1.0212663703,-3.629215182,4.5638482368,-6.250382989,14.421159216,9.388812681,21.937511331,10.312059714,5.159587233,1.3817133245,-3.568728263,4.6855508565,-5.515043814,15.157558835,9.5717116293,21.695775669,10.072244372
Arkansas,Miller,43462,43462,43562,43762,43663,43402,43458,43792,43713,43736,43362,43257,100,200,-99,-261,56,334,-79,23,-374,-105,162,636,600,603,604,612,605,575,532,520,75,449,439,495,427,434,532,502,490,471,87,187,161,108,177,178,73,73,42,49,1,-9,-20,-40,-17,-27,-21,-25,-28,-28,16,23,-237,-327,-97,187,-129,-23,-387,-123,17,14,-257,-367,-114,160,-150,-48,-415,-151,-4,-1,-3,-2,-7,-4,-2,-2,-1,-3,1480,1480,1480,1417,1462,1470,1471,1470,1472,1452,1452,14.566442215,13.726050901,13.851719979,13.907437255,14.028653295,13.82778127,13.150522019,12.216124366,12.006603632,10.283541753,10.042893909,11.370814908,9.8319134239,9.9484240688,12.159305183,11.480977484,11.251693495,10.875212136,4.2829004626,3.6831569917,2.4809050709,4.0755238315,4.0802292264,1.6684760871,1.6695445345,0.964430871,1.1313914961,-0.206128899,-0.45753503,-0.91885373,-0.391434492,-0.618911175,-0.479972573,-0.571761827,-0.642953914,-0.646509426,0.5267738537,-5.421790106,-7.511629243,-2.233479162,4.2865329513,-2.948402948,-0.526020881,-8.886541597,-2.840023551,0.3206449544,-5.879325136,-8.430482972,-2.624913654,3.6676217765,-3.428375521,-1.097782708,-9.529495511,-3.486532978
Arkansas,Mississippi,46480,46481,46399,46031,45553,44695,44247,43729,42900,42112,41236,40651,-82,-368,-478,-858,-448,-518,-829,-788,-876,-585,177,648,687,599,672,675,648,618,600,580,118,522,511,500,482,500,492,540,542,498,59,126,176,99,190,175,156,78,58,82,6,9,-1,10,-2,3,-5,-7,-19,-19,-151,-504,-665,-987,-645,-703,-984,-862,-919,-652,-145,-495,-666,-977,-647,-700,-989,-869,-938,-671,4,1,12,20,9,7,4,3,4,4,767,788,786,771,769,793,797,806,810,788,788,14.021421616,15.002620545,13.2745324,15.110971195,15.345094117,14.960348151,14.539123888,14.397466046,14.165862713,11.29503408,11.159154437,11.080577963,10.838523982,11.366736383,11.358782856,12.704088835,13.005710995,12.163102812,2.7263875365,3.8434661076,2.1939544367,4.2724472128,3.9783577339,3.6015652957,1.8350350539,1.3917550511,2.0027599008,0.1947419669,-0.021837876,0.2216115593,-0.044973129,0.0682004183,-0.115434785,-0.164682633,-0.455919758,-0.464054123,-10.90555015,-14.52218728,-21.8730609,-14.50383396,-15.98163135,-22.71756571,-20.27948995,-22.05211883,-15.9243836,-10.71080818,-14.54402516,-21.65144934,-14.54880709,-15.91343094,-22.8330005,-20.44417259,-22.50803859,-16.38843773
Arkansas,Monroe,8149,8155,8138,8099,7854,7690,7634,7452,7205,7013,6880,6701,-17,-39,-245,-164,-56,-182,-247,-192,-133,-179,30,107,83,86,101,98,97,80,82,67,9,105,110,111,116,126,125,140,96,114,21,2,-27,-25,-15,-28,-28,-60,-14,-47,0,-1,-1,-1,0,0,0,0,0,0,-39,-41,-225,-138,-41,-155,-220,-133,-118,-133,-39,-42,-226,-139,-41,-155,-220,-133,-118,-133,1,1,8,0,0,1,1,1,-1,1,84,84,84,84,84,84,84,84,84,84,84,13.179774589,10.405566351,11.065362841,13.181936831,12.992178178,13.235996452,11.253340836,11.804505866,9.8667255725,12.933423662,13.790509622,14.282038085,15.139650222,16.704229087,17.056696459,19.693346462,13.819909307,16.788159929,0.2463509269,-3.384943271,-3.216675244,-1.957713391,-3.712050908,-3.820700007,-8.440005627,-2.015403441,-6.921434357,-0.123175463,-0.125368269,-0.12866701,0,0,0,0,0,0,-5.050194001,-28.20786059,-17.75604735,-5.351083268,-20.54885324,-30.01978577,-18.70867914,-16.98697186,-19.58618658,-5.173369465,-28.33322886,-17.88471436,-5.351083268,-20.54885324,-30.01978577,-18.70867914,-16.98697186,-19.58618658
Arkansas,Montgomery,9487,9497,9510,9402,9340,9252,9162,9027,8936,8890,8910,8986,13,-108,-62,-88,-90,-135,-91,-46,20,76,25,95,67,89,90,86,83,88,81,88,8,132,133,114,118,147,138,151,131,148,17,-37,-66,-25,-28,-61,-55,-63,-50,-60,0,-2,-2,5,13,9,7,4,4,4,-2,-70,6,-68,-74,-83,-42,14,67,133,-2,-72,4,-63,-61,-74,-35,18,71,137,-2,1,0,0,-1,0,-1,-1,-1,-1,121,121,121,121,121,121,121,121,121,121,121,10.046531303,7.1497172127,9.574010327,9.7751710655,9.4562647754,9.2412180593,9.8732188938,9.1011235955,9.8345999106,13.959390863,14.192722228,12.263339071,12.816335397,16.163615372,15.364916773,16.941546056,14.719101124,16.540008941,-3.91285956,-7.043005015,-2.689328744,-3.041164331,-6.707350597,-6.123698714,-7.068327163,-5.617977528,-6.70540903,-0.211505922,-0.213424394,0.5378657487,1.4119691539,0.9896091044,0.7793798363,0.448782677,0.4494382022,0.4470272687,-7.402707276,0.6402731832,-7.314974182,-8.037362876,-9.126395074,-4.676279018,1.5707393695,7.5280898876,14.863656683,-7.614213198,0.4268487888,-6.777108434,-6.625393722,-8.13678597,-3.896899182,2.0195220464,7.9775280899,15.310683952
Arkansas,Nevada,8997,9020,8997,9008,8909,8772,8645,8508,8378,8309,8308,8252,-23,11,-99,-137,-127,-137,-130,-69,-1,-56,32,113,97,141,82,112,109,101,100,102,33,117,117,130,124,113,116,132,98,104,-1,-4,-20,11,-42,-1,-7,-31,2,-2,0,0,0,0,-2,-4,-3,-3,-3,-3,-23,16,-80,-149,-83,-134,-119,-35,1,-51,-23,16,-80,-149,-85,-138,-122,-38,-2,-54,1,-1,1,1,0,2,-1,0,-1,0,157,157,157,157,157,157,157,157,157,157,157,12.55206887,10.827705531,15.949324133,9.4160877304,13.058940127,12.910103044,12.105231617,12.035866883,12.31884058,12.996389892,13.060222135,14.705050619,14.238961934,13.175537807,13.73919223,15.820698748,11.795149546,12.560386473,-0.444321022,-2.232516604,1.2442735139,-4.822874203,-0.11659768,-0.829089186,-3.71546713,0.2407173377,-0.241545894,0,0,0,-0.229660676,-0.466390719,-0.355323937,-0.359561335,-0.361076006,-0.362318841,1.7772840878,-8.930066417,-16.85425033,-9.530918069,-15.62408908,-14.09451617,-4.194882244,0.1203586688,-6.15942029,1.7772840878,-8.930066417,-16.85425033,-9.760578745,-16.0904798,-14.4498401,-4.554443579,-0.240717338,-6.52173913
Arkansas,Newton,8330,8315,8304,8251,8052,8042,7867,7846,7848,7815,7800,7753,-11,-53,-199,-10,-175,-21,2,-33,-15,-47,15,87,68,72,75,65,80,85,83,84,36,91,90,102,95,102,92,95,95,108,-21,-4,-22,-30,-20,-37,-12,-10,-12,-24,0,0,1,0,1,1,1,1,0,0,10,-49,-183,22,-159,16,13,-22,-2,-22,10,-49,-182,22,-158,17,14,-21,-2,-22,0,0,5,-2,3,-1,0,-2,-1,-1,51,51,51,51,51,51,51,51,51,51,51,10.510419813,8.3420229406,8.9474338263,9.4286253064,8.2734041876,10.194978973,10.853604035,10.630803714,10.801774577,10.993657505,11.040912715,12.675531254,11.942925388,12.982880417,11.724225819,12.130498627,12.167787384,13.887995885,-0.483237693,-2.698889775,-3.728097428,-2.514300082,-4.70947623,-1.529246846,-1.276894592,-1.53698367,-3.086221308,0,0.1226768079,0,0.1257150041,0.1272831413,0.1274372372,0.1276894592,0,0,-5.919661734,-22.44985585,2.7339381136,-19.98868565,2.0365302616,1.6566840831,-2.809168103,-0.256163945,-2.829036199,-5.919661734,-22.32717905,2.7339381136,-19.86297065,2.1638134029,1.7841213202,-2.681478644,-0.256163945,-2.829036199
Arkansas,Ouachita,26120,26128,26046,25737,25398,24948,24761,24316,24013,23817,23620,23382,-82,-309,-339,-450,-187,-445,-303,-196,-197,-238,53,331,310,298,304,289,272,255,245,249,131,360,351,389,348,341,338,355,331,338,-78,-29,-41,-91,-44,-52,-66,-100,-86,-89,0,-3,15,9,11,1,3,2,2,0,-2,-278,-317,-373,-154,-395,-240,-98,-113,-147,-2,-281,-302,-364,-143,-394,-237,-96,-111,-147,-2,1,4,5,0,1,0,0,0,-2,352,352,352,352,352,352,352,352,352,352,352,12.78411834,12.124767772,11.838080483,12.2311855,11.777411007,11.256181589,10.662763956,10.329489639,10.595293817,13.904177047,13.72836609,15.453064792,14.001488664,13.896529943,13.987460945,14.844240017,13.955351308,14.382366708,-1.120058707,-1.603598318,-3.614984309,-1.770303164,-2.119118936,-2.731279356,-4.181476061,-3.625861669,-3.787072891,-0.115868142,0.5866823115,0.3575259206,0.4425757911,0.0407522872,0.1241490616,0.0836295212,0.0843223644,0,-10.7371145,-12.39855285,-14.81746315,-6.196061075,-16.09715345,-9.931924931,-4.09784654,-4.764213589,-6.255052976,-10.85298264,-11.81187054,-14.45993723,-5.753485284,-16.05640117,-9.80777587,-4.014217019,-4.679891224,-6.255052976
Arkansas,Perry,10445,10444,10444,10383,10328,10335,10360,10307,10286,10346,10380,10455,0,-61,-55,7,25,-53,-21,60,34,75,31,116,104,101,106,120,119,116,119,117,48,102,127,122,119,130,137,134,122,138,-17,14,-23,-21,-13,-10,-18,-18,-3,-21,0,2,2,0,1,2,4,2,1,1,18,-77,-33,30,37,-44,-8,78,37,96,18,-75,-31,30,38,-42,-4,80,38,97,-1,0,-1,-2,0,-1,1,-2,-1,-1,152,152,152,152,152,152,152,152,152,152,152,11.139386373,10.042972334,9.7759279872,10.244020295,11.612715924,11.557325305,11.244668476,11.483161247,11.231101512,9.7949776732,12.264014292,11.808546678,11.500362406,12.580442251,13.305492158,12.989530826,11.772652707,13.246940245,1.3444087002,-2.221041958,-2.03261869,-1.256342112,-0.967726327,-1.748166853,-1.74486235,-0.28949146,-2.015838733,0.1920583857,0.1931340833,0,0.0966417009,0.1935452654,0.3884815228,0.1938735944,0.0964971533,0.0959923206,-7.394247851,-3.186712375,2.9037409863,3.5757429331,-4.257995839,-0.776963046,7.5610701822,3.5703946734,9.215262779,-7.202189466,-2.993578292,2.9037409863,3.672384634,-4.064450573,-0.388481523,7.7549437767,3.6668918267,9.3112550996
Arkansas,Phillips,21757,21755,21676,21406,20736,20437,19952,19546,19050,18599,18054,17782,-79,-270,-670,-299,-485,-406,-496,-451,-545,-272,67,318,303,297,316,305,307,308,271,267,38,277,309,267,272,253,271,250,262,255,29,41,-6,30,44,52,36,58,9,12,1,-2,-5,1,-3,-1,-4,-4,-4,-4,-115,-310,-682,-337,-539,-460,-530,-507,-551,-281,-114,-312,-687,-336,-542,-461,-534,-511,-555,-285,6,1,23,7,13,3,2,2,1,1,246,246,246,246,246,246,246,246,246,246,246,14.762545843,14.379953491,14.42693027,15.647824903,15.44381994,15.908384289,16.361656352,14.787329823,14.901216654,12.859198737,14.664705045,12.969664586,13.46901384,12.810775229,14.042906001,13.280565221,14.296237689,14.231499051,1.9033471055,-0.284751554,1.4572656838,2.1788110624,2.6330447111,1.8654782879,3.0810911312,0.4910921343,0.6697176024,-0.0928462,-0.237292962,0.0485755228,-0.1485553,-0.050635475,-0.207275365,-0.212489044,-0.218263171,-0.223239201,-14.39116104,-32.36676,-16.36995118,-26.69043551,-23.2923186,-27.46398591,-26.93298627,-30.06575178,-15.68255386,-14.48400724,-32.60405296,-16.32137566,-26.83899081,-23.34295407,-27.67126127,-27.14547531,-30.28401495,-15.90579306
Arkansas,Pike,11291,11287,11264,11241,11254,11121,10989,10837,10826,10735,10666,10718,-23,-23,13,-133,-132,-152,-11,-91,-69,52,25,135,118,110,104,114,117,116,99,102,49,120,131,164,156,152,118,120,141,130,-24,15,-13,-54,-52,-38,-1,-4,-42,-28,2,3,1,8,2,4,3,4,2,2,0,-41,26,-87,-80,-120,-11,-90,-30,80,2,-38,27,-79,-78,-116,-8,-86,-28,82,-1,0,-1,0,-2,2,-2,-1,1,-2,196,196,196,196,196,196,196,196,196,196,196,11.997333926,10.491220271,9.8324022346,9.407507915,10.446256758,10.801828002,10.760168823,9.2519041166,9.5398428732,10.664296823,11.647032674,14.659217877,14.111261872,13.928342344,10.894151318,11.131209128,13.176954348,12.15862327,1.3330371029,-1.155812403,-4.826815642,-4.703753957,-3.482085586,-0.092323316,-0.371040304,-3.925050231,-2.618780397,0.2666074206,0.0889086464,0.7150837989,0.1809136137,0.3665353248,0.2769699488,0.3710403043,0.1869071539,0.1870557426,-3.643634748,2.3116248055,-7.776536313,-7.23654455,-10.99605975,-1.015556479,-8.348406846,-2.803607308,7.4822297045,-3.377027327,2.4005334519,-7.061452514,-7.055630936,-10.62952442,-0.73858653,-7.977366541,-2.616700154,7.6692854471
Arkansas,Poinsett,24583,24576,24515,24449,24299,24187,24152,24002,23974,24071,23903,23528,-61,-66,-150,-112,-35,-150,-28,97,-168,-375,58,306,313,295,309,307,329,333,317,310,100,332,323,356,300,365,338,360,332,334,-42,-26,-10,-61,9,-58,-9,-27,-15,-24,4,33,25,15,6,-1,-4,-3,-4,-4,-21,-72,-164,-63,-49,-89,-13,127,-148,-348,-17,-39,-139,-48,-43,-90,-17,124,-152,-352,-2,-1,-1,-3,-1,-2,-2,0,-1,1,341,341,341,341,341,341,341,341,341,341,341,12.498978842,12.841552474,12.168460999,12.784708,12.750757985,13.715190929,13.862004371,13.215491725,13.071619827,13.56098358,13.251825716,14.68465124,12.412337864,15.159695975,14.090378523,14.985950671,13.84083045,14.0836162,-1.062004738,-0.410273242,-2.51619024,0.3723701359,-2.408937991,-0.375187594,-1.1239463,-0.625338725,-1.011996374,1.3479290908,1.0256831049,0.618735305,0.2482467573,-0.041533414,-0.166750042,-0.124882922,-0.166756993,-0.168666062,-2.940936198,-6.728481168,-2.598688281,-2.027348518,-3.696473813,-0.541937635,5.2867103757,-6.170008755,-14.67394742,-1.593007107,-5.702798064,-1.979952976,-1.77910176,-3.738007227,-0.708687677,5.1618274534,-6.336765748,-14.84261348
Arkansas,Polk,20662,20654,20667,20558,20420,20342,20249,20194,20145,20147,20019,19964,13,-109,-138,-78,-93,-55,-49,2,-128,-55,52,219,244,242,236,255,233,236,219,215,44,267,244,292,254,304,263,263,272,286,8,-48,0,-50,-18,-49,-30,-27,-53,-71,1,5,6,9,9,10,6,3,-3,-3,6,-64,-147,-33,-83,-14,-23,27,-71,21,7,-59,-141,-24,-74,-4,-17,30,-74,18,-2,-2,3,-4,-1,-2,-2,-1,-1,-2,155,155,155,155,155,155,155,155,155,155,155,10.624620982,11.908829128,11.873804033,11.628193442,12.610340479,11.552095987,11.714484265,10.904745307,10.754570693,12.953305033,11.908829128,14.327069329,12.515089552,15.033503944,13.03949032,13.054700685,13.543793258,14.306080084,-2.328684051,0,-2.453265296,-0.88689611,-2.423163465,-1.487394333,-1.34021642,-2.639047951,-3.551509391,0.2425712553,0.2928400605,0.4415877533,0.443448055,0.494523156,0.2974788666,0.1489129356,-0.149380073,-0.150063777,-3.104912068,-7.174581483,-1.619155095,-4.089576507,-0.692332418,-1.140335655,1.3402164201,-3.535328387,1.0504464397,-2.862340813,-6.881741422,-1.177567342,-3.646128452,-0.197809262,-0.842856789,1.4891293557,-3.68470846,0.9003826626
Arkansas,Pope,61754,61753,62109,62687,62631,62588,63117,63608,63897,63634,63594,64072,356,578,-56,-43,529,491,289,-263,-40,478,201,797,748,730,811,841,839,797,780,765,112,550,584,633,560,574,576,616,612,593,89,247,164,97,251,267,263,181,168,172,16,44,57,53,72,91,68,41,16,11,228,286,-278,-185,215,141,-39,-486,-224,296,244,330,-221,-132,287,232,29,-445,-208,307,23,1,1,-8,-9,-8,-3,1,0,-1,3330,3539,3678,3532,3682,3812,3823,3686,3564,3271,3270,12.772845284,11.937630668,11.659572429,12.903225806,13.272834879,13.160268225,12.498921831,12.261451882,11.984396785,8.8143850764,9.3202891843,10.110286778,8.9097490156,9.0589859933,9.0349398063,9.6603962958,9.6205237841,9.2898657434,3.9584602071,2.6173414833,1.5492856515,3.9934767909,4.2138488854,4.1253284185,2.838525535,2.6409280976,2.6945310419,0.7051508061,0.9096857594,0.8465169024,1.1455391591,1.4361807063,1.0666248382,0.6429809223,0.2515169617,0.1723246597,4.5834802398,-4.436713002,-2.95482315,3.4207072113,2.2252909844,-0.611740716,-7.621676298,-3.521237463,4.6370999326,5.2886310459,-3.527027243,-2.108306247,4.5662463705,3.6614716907,0.4548841222,-6.978695376,-3.269720502,4.8094245923
Arkansas,Prairie,8715,8716,8722,8599,8482,8375,8347,8299,8252,8248,8082,8062,6,-123,-117,-107,-28,-48,-47,-4,-166,-20,32,84,85,88,103,85,79,87,83,80,14,105,106,99,117,105,119,102,104,116,18,-21,-21,-11,-14,-20,-40,-15,-21,-36,0,0,0,0,0,-1,-2,-2,-2,-2,-13,-101,-98,-100,-11,-26,-4,14,-143,19,-13,-101,-98,-100,-11,-27,-6,12,-145,17,1,-1,2,4,-3,-1,-1,-1,0,-1,131,131,131,131,131,131,131,131,131,131,131,9.6992090526,9.9525788888,10.440766447,12.319100586,10.212663703,9.5462509818,10.545454545,10.165339865,9.910802775,12.124011316,12.41145132,11.745862253,13.993541442,12.615643398,14.379795783,12.363636364,12.737293325,14.370664024,-2.424802263,-2.458872431,-1.305095806,-1.674440856,-2.402979695,-4.833544801,-1.818181818,-2.57195346,-4.459861249,0,0,0,0,-0.120148985,-0.24167724,-0.242424242,-0.244947949,-0.247770069,-11.66214422,-11.47473801,-11.86450733,-1.315632101,-3.123873603,-0.48335448,1.696969697,-17.51377832,2.3538156591,-11.66214422,-11.47473801,-11.86450733,-1.315632101,-3.244022588,-0.72503172,1.4545454545,-17.75872627,2.1060455897
Arkansas,Pulaski,382748,382749,383538,386990,389225,391512,392952,393576,394151,393280,391918,391911,789,3452,2235,2287,1440,624,575,-871,-1362,-7,1415,5748,5598,5633,5630,5643,5438,5127,5254,5067,850,3373,3405,3759,3451,3629,3589,3764,3822,3795,565,2375,2193,1874,2179,2014,1849,1363,1432,1272,186,708,941,701,845,867,739,473,145,153,61,373,-817,-238,-1520,-2233,-2002,-2698,-2936,-1415,247,1081,124,463,-675,-1366,-1263,-2225,-2791,-1262,-23,-4,-82,-50,-64,-24,-11,-9,-3,-17,7980,7970,8433,8444,8629,8587,8966,9169,8790,8652,8661,14.91963952,14.423838756,14.429955286,14.353749822,14.349139509,13.806813782,13.022093364,13.382611774,12.928840347,8.7550355081,8.7733424373,9.6293630249,8.7983642334,9.2278977989,9.11229398,9.5602027352,9.7351241343,9.683234481,6.1646040118,5.6504963187,4.8005922609,5.5553855881,5.1212417104,4.6945198019,3.4618906291,3.6474876401,3.2456058656,1.8377009012,2.4245859717,1.7957391542,2.154337229,2.2046259002,1.8762845504,1.2013751046,0.3693335948,0.3903912716,0.9681672827,-2.105086864,-0.60968034,-3.875257501,-5.678119533,-5.082979256,-6.852663916,-7.478368513,-3.610481368,2.8058681839,0.3194991079,1.1860588137,-1.720920272,-3.473493633,-3.206694705,-5.651288811,-7.109034919,-3.220090096
Arkansas,Randolph,17969,17969,17955,17973,17840,17625,17569,17437,17444,17665,17970,17958,-14,18,-133,-215,-56,-132,7,221,305,-12,55,225,214,199,197,193,218,237,238,235,77,230,237,229,232,239,255,238,274,255,-22,-5,-23,-30,-35,-46,-37,-1,-36,-20,3,-3,-9,-12,-10,-3,-6,-6,-6,-6,5,28,-101,-173,-9,-82,51,228,347,13,8,25,-110,-185,-19,-85,45,222,341,7,0,-2,0,0,-2,-1,-1,0,0,1,349,349,349,349,349,349,349,349,349,349,349,12.5250501,11.950967526,11.222331876,11.195090072,11.02668114,12.499641639,13.500811758,13.357653992,13.081718994,12.803384547,13.235417307,12.914140702,13.184065466,13.654802034,14.621140449,13.557777208,15.37813947,14.19505678,-0.278334447,-1.284449781,-1.691808826,-1.988975394,-2.628120894,-2.12149881,-0.05696545,-2.020485478,-1.113337787,-0.167000668,-0.502610784,-0.67672353,-0.568278684,-0.171399189,-0.344026834,-0.341792703,-0.33674758,-0.334001336,1.5586729014,-5.640409907,-9.756097561,-0.511450815,-4.684911158,2.9242280898,12.988122704,19.475235022,0.7236695613,1.3916722334,-6.143020691,-10.43282109,-1.079729499,-4.856310347,2.5802012557,12.646330001,19.138487442,0.3896682253
Arkansas,St. Francis,28258,28253,28194,27994,27992,27508,27088,26651,26347,25997,25509,24994,-59,-200,-2,-484,-420,-437,-304,-350,-488,-515,93,354,364,331,357,357,343,343,308,305,36,284,262,298,285,277,259,281,292,315,57,70,102,33,72,80,84,62,16,-10,3,17,41,14,18,23,17,18,7,2,-124,-289,-146,-539,-519,-547,-406,-432,-511,-508,-121,-272,-105,-525,-501,-524,-389,-414,-504,-506,5,2,1,8,9,7,1,2,0,1,4085,4088,4087,4091,4093,4086,4090,4097,4098,4101,4099,12.600555279,13.003250813,11.927927928,13.077881163,13.286440016,12.943884675,13.105609048,11.959771677,12.078490387,10.108920054,9.3594827278,10.738738739,10.440325299,10.309086511,9.7739537341,10.736665138,11.338484837,12.474506465,2.4916352246,3.6437680849,1.1891891892,2.6375558649,2.9773535049,3.1699309408,2.3689439095,0.6212868404,-0.396016078,0.6051114117,1.4646518773,0.5045045045,0.6593889662,0.8559891327,0.6415336428,0.6877579092,0.2718129927,0.0792032157,-10.286894,-5.215589612,-19.42342342,-19.01238186,-20.35765459,-15.32133288,-16.50618982,-19.84234846,-20.11761678,-9.681782587,-3.750937734,-18.91891892,-18.35299289,-19.50166546,-14.67979924,-15.81843191,-19.57053547,-20.03841356
Arkansas,Saline,107118,107135,107656,109553,111442,113348,114874,116390,117656,119520,121074,122437,521,1897,1889,1906,1526,1516,1266,1864,1554,1363,288,1300,1321,1414,1349,1382,1357,1268,1304,1280,254,908,914,1032,1076,1114,1082,1137,1165,1100,34,392,407,382,273,268,275,131,139,180,15,65,105,37,71,37,35,21,-3,-9,444,1433,1348,1469,1170,1209,957,1710,1418,1197,459,1498,1453,1506,1241,1246,992,1731,1415,1188,28,7,29,18,12,2,-1,2,0,-5,1425,1450,1422,1419,1373,1391,1421,1429,1433,1422,1422,11.970038074,11.955021607,12.580630811,11.821822611,11.95170887,11.596011041,10.692481533,10.839838067,10.512872108,8.3606112086,8.2716803548,9.1819031096,9.4294152185,9.6340113463,9.2460456491,9.5878166425,9.6843645311,9.0344994682,3.6094268654,3.6833412521,3.3987277014,2.3924073928,2.3176975232,2.3499653914,1.1046648902,1.1554735363,1.4783726403,0.5985019037,0.9502477432,0.3291961386,0.6222011901,0.3199806282,0.2990865044,0.1770836847,-0.024938278,-0.073918632,13.194665046,12.199371026,13.069976422,10.253174541,10.45558323,8.1778795621,14.419671468,11.787492622,9.8311780577,13.79316695,13.14961877,13.399172561,10.875375731,10.775563858,8.4769660665,14.596755152,11.762554345,9.7572594257
Arkansas,Scott,11233,11241,11275,11264,11033,10934,10686,10561,10332,10369,10339,10281,34,-11,-231,-99,-248,-125,-229,37,-30,-58,35,143,152,109,111,133,119,117,119,112,42,131,123,127,117,112,136,148,103,117,-7,12,29,-18,-6,21,-17,-31,16,-5,3,3,-2,-3,-4,-6,-5,-5,-5,-5,35,-25,-266,-79,-240,-143,-206,73,-41,-48,38,-22,-268,-82,-244,-149,-211,68,-46,-53,3,-1,8,1,2,3,-1,0,0,0,79,79,79,79,79,79,79,79,79,79,79,12.689116642,13.634121182,9.9239768744,10.26827012,12.519414506,11.391375102,11.303801749,11.493142747,10.863239573,11.624295665,11.032874378,11.562798744,10.823311748,10.542664847,13.018714402,14.298826144,9.947846243,11.348205626,1.064820977,2.6012468045,-1.638821869,-0.555041628,1.9767496588,-1.6273393,-2.995024395,1.5452965038,-0.484966052,0.2662052442,-0.179396331,-0.273136978,-0.370027752,-0.564785617,-0.478629206,-0.483068451,-0.482905157,-0.484966052,-2.218377035,-23.85971207,-7.192607092,-22.20166512,-13.46072387,-19.71952329,7.0527993817,-3.959822291,-4.655674103,-1.952171791,-24.0391084,-7.465744071,-22.57169288,-14.02550948,-20.19815249,6.5697309309,-4.442727448,-5.140640155
Arkansas,Searcy,8195,8195,8182,8078,8005,7991,7924,7835,7968,7927,7930,7881,-13,-104,-73,-14,-67,-89,133,-41,3,-49,14,77,76,82,74,78,87,77,82,73,32,104,119,109,125,121,118,122,106,111,-18,-27,-43,-27,-51,-43,-31,-45,-24,-38,0,2,4,-1,3,3,4,4,2,2,6,-81,-32,15,-18,-48,161,0,25,-11,6,-79,-28,14,-15,-45,165,4,27,-9,-1,2,-2,-1,-1,-1,-1,0,0,-2,71,71,71,71,71,71,71,71,71,71,71,9.4710947109,9.4509730772,10.252563141,9.2994030789,9.8991052732,11.010567614,9.6885813149,10.342435517,9.234077541,12.792127921,14.79823416,13.628407102,15.708451147,15.356304334,14.933873315,15.350739226,13.369489815,14.040857631,-3.32103321,-5.347261083,-3.375843961,-6.409048068,-5.457199061,-3.923305701,-5.662157911,-3.027054298,-4.80678009,0.24600246,0.4974196356,-0.125031258,0.3770028275,0.3807348182,0.5062329937,0.5033029254,0.2522545248,0.2529884258,-9.963099631,-3.979357085,1.8754688672,-2.262016965,-6.091757091,20.375877998,0,3.1531815602,-1.391436342,-9.717097171,-3.481937449,1.7504376094,-1.885014138,-5.711022273,20.882110992,0.5033029254,3.405436085,-1.138447916
Arkansas,Sebastian,125744,125740,125737,127010,127571,127173,126733,127385,127385,127786,127570,127827,-3,1273,561,-398,-440,652,0,401,-216,257,414,1763,1763,1626,1696,1677,1667,1791,1774,1780,311,1195,1232,1264,1265,1254,1292,1287,1347,1276,103,568,531,362,431,423,375,504,427,504,35,228,189,64,70,115,95,26,-50,-51,-133,478,-133,-827,-943,130,-467,-124,-590,-194,-98,706,56,-763,-873,245,-372,-98,-640,-245,-8,-1,-26,3,2,-16,-3,-5,-3,-2,2235,2235,2310,2414,2407,2397,2380,2302,2275,2242,2242,13.950709603,13.850208774,12.765756995,13.359274692,13.19859278,13.086313145,14.037645344,13.894327919,13.939083075,9.4560964126,9.6786484459,9.9236880947,9.9643175033,9.8694307369,10.142481454,10.087353187,10.549977287,9.9922865186,4.4946131903,4.1715603285,2.8420689005,3.3949571889,3.3291620428,2.9438316913,3.950292157,3.3443506321,3.946796556,1.8041757172,1.4847926593,0.50246522,0.5513851583,0.9050913355,0.7457706951,0.2037849129,-0.391610144,-0.399378223,3.782438565,-1.044854094,-6.492792765,-7.427945775,1.0231467271,-3.666051733,-0.971897277,-4.620999702,-1.519203436,5.5866142823,0.4399385657,-5.990327545,-6.876560617,1.9282380626,-2.920281038,-0.768112364,-5.012609847,-1.918581659
Arkansas,Sevier,17058,17059,17151,17218,17188,17356,17410,17262,16971,17103,17061,17007,92,67,-30,168,54,-148,-291,132,-42,-54,73,276,286,278,286,236,266,257,253,246,21,171,161,169,148,163,156,181,149,149,52,105,125,109,138,73,110,76,104,97,13,60,-7,12,-8,-4,-16,-7,-22,-22,28,-97,-149,49,-77,-217,-386,64,-125,-130,41,-37,-156,61,-85,-221,-402,57,-147,-152,-1,-1,1,-2,1,0,1,-1,1,1,173,173,173,173,173,173,173,173,173,173,173,16.06098519,16.625007266,16.095414544,16.452856239,13.613290263,15.540560278,15.084815402,14.810912071,14.441704826,9.9508277808,9.3588327617,9.7846225104,8.5140654663,9.4023996308,9.1140127947,10.623936139,8.7226320103,8.7472114594,6.1101574093,7.2661745044,6.3107920333,7.9387907726,4.2108906322,6.4265474834,4.4608792628,6.0882800609,5.6944933662,3.4915185196,-0.406905772,0.6947660954,-0.460219755,-0.230733733,-0.934770543,-0.410870458,-1.287905397,-1.291534578,-5.644621607,-8.661280009,2.8369615563,-4.429615141,-12.51730503,-22.55133935,3.7565299055,-7.317644304,-7.631795233,-2.153103087,-9.068185782,3.5317276517,-4.889834896,-12.74803876,-23.48610989,3.3456594471,-8.605549701,-8.923329811
Arkansas,Sharp,17264,17263,17250,17270,17034,17043,16820,16808,17007,17147,17290,17442,-13,20,-236,9,-223,-12,199,140,143,152,40,173,178,169,160,173,190,183,202,193,44,274,270,249,247,284,271,279,283,240,-4,-101,-92,-80,-87,-111,-81,-96,-81,-47,0,4,7,2,4,7,8,4,2,2,-8,118,-152,86,-138,93,272,230,221,199,-8,122,-145,88,-134,100,280,234,223,201,-1,-1,1,1,-2,-1,0,2,1,-2,189,189,189,189,189,189,189,189,189,189,189,10.023174971,10.377798507,9.9187135018,9.4498420105,10.289044844,11.237616442,10.716167945,11.73156779,11.11367039,15.874855156,15.741604478,14.613962497,14.588193604,16.890686333,16.028389768,16.337764244,16.43581032,13.820108258,-5.851680185,-5.36380597,-4.695248995,-5.138351593,-6.601641489,-4.790773325,-5.621596299,-4.70424253,-2.706437867,0.2317497103,0.4081156716,0.1173812249,0.2362460503,0.4163197336,0.4731627976,0.2342331791,0.1161541365,0.1151675688,6.8366164542,-8.861940299,5.0473926695,-8.150488734,5.5311050315,16.087535118,13.4684078,12.835032088,11.459173097,7.0683661645,-8.453824627,5.1647738944,-7.914242684,5.9474247651,16.560697915,13.702640979,12.951186224,11.574340666
Arkansas,Stone,12394,12394,12389,12500,12542,12423,12381,12386,12509,12520,12454,12506,-5,111,42,-119,-42,5,123,11,-66,52,21,129,129,124,112,137,123,109,119,111,50,172,173,174,162,179,163,176,176,166,-29,-43,-44,-50,-50,-42,-40,-67,-57,-55,0,-7,-7,-9,-10,-8,-8,-7,-8,-8,25,158,93,-59,20,57,171,87,-1,115,25,151,86,-68,10,49,163,80,-9,107,-1,3,0,-1,-2,-2,0,-2,0,0,151,151,151,151,151,151,151,151,151,151,151,10.366025152,10.302691478,9.9339074705,9.0308014836,11.063108168,9.8815023097,8.70989652,9.5299111076,8.8942307692,13.821366869,13.816787797,13.939515321,13.062409289,14.454717971,13.094998996,14.063686124,14.094658445,13.301282051,-3.455341717,-3.514096318,-4.005607851,-4.031607805,-3.391609803,-3.213496686,-5.353789604,-4.564747337,-4.407051282,-0.562497489,-0.559060778,-0.721009413,-0.806321561,-0.646020915,-0.642699337,-0.559351153,-0.640666293,-0.641025641,12.696371891,7.4275217634,-4.726617264,1.6126431221,4.6028990189,13.737698333,6.9519357545,-0.080083287,9.2147435897,12.133874402,6.8684609855,-5.447626677,0.806321561,3.9568781039,13.094998996,6.3925846019,-0.72074958,8.5737179487
Arkansas,Union,41639,41639,41573,41402,40861,40604,40136,40086,39879,39460,39139,38682,-66,-171,-541,-257,-468,-50,-207,-419,-321,-457,111,524,527,484,520,545,551,539,473,480,81,580,479,514,573,519,511,518,566,550,30,-56,48,-30,-53,26,40,21,-93,-70,5,8,-13,-9,-13,-1,4,2,-2,-1,-103,-122,-593,-217,-410,-72,-252,-444,-226,-386,-98,-114,-606,-226,-423,-73,-248,-442,-228,-387,2,-1,17,-1,8,-3,1,2,0,0,524,524,524,524,524,524,524,524,524,524,524,12.630310334,12.812564579,11.882403486,12.880852118,13.587295256,13.7810292,13.587264775,12.035776537,12.33600185,13.980114492,11.645575775,12.618916099,14.193708199,12.939094014,12.780591509,13.057890823,14.402218858,14.13500212,-1.349804158,1.1669888042,-0.736512613,-1.312856081,0.6482012416,1.0004376915,0.5293739523,-2.366442321,-1.79900027,0.1928291654,-0.316059468,-0.220953784,-0.322021303,-0.024930817,0.1000437691,0.0504165669,-0.050891233,-0.025700004,-2.940644773,-14.41717419,-5.327441232,-10.15605648,-1.795018823,-6.302757456,-11.19247785,-5.750709297,-9.920201488,-2.747815607,-14.73323365,-5.548395016,-10.47807778,-1.81994964,-6.202713687,-11.14206128,-5.801600529,-9.945901492
Arkansas,Van Buren,17295,17296,17310,17214,17162,16985,16907,16808,16669,16552,16635,16545,14,-96,-52,-177,-78,-99,-139,-117,83,-90,41,197,188,147,173,158,155,143,145,141,39,200,221,239,240,223,240,251,246,250,2,-3,-33,-92,-67,-65,-85,-108,-101,-109,0,-4,-8,0,3,15,17,13,11,11,13,-89,-6,-81,-11,-48,-69,-21,173,9,13,-93,-14,-81,-8,-33,-52,-8,184,20,-1,0,-5,-4,-3,-1,-2,-1,0,-1,189,189,189,189,189,189,189,189,189,189,189,11.412350828,10.937863626,8.6098339532,10.208898855,9.3726827821,9.2600890163,8.6090123717,8.7383614066,8.4990958409,11.586142973,12.857807773,13.998301461,14.16263425,13.228533294,14.338202348,15.110923813,14.82508211,15.069318867,-0.173792145,-1.919944147,-5.388467508,-3.953735395,-3.855850512,-5.078113332,-6.501911442,-6.086720704,-6.570223026,-0.231722859,-0.465441005,0,0.1770329281,0.8898116565,1.0156226663,0.7826374883,0.6629101757,0.6630500301,-5.155833623,-0.349080754,-4.744194219,-0.649120736,-2.847397301,-4.122233175,-1.264260558,10.425769126,0.5424954792,-5.387556482,-0.814521759,-4.744194219,-0.472087808,-1.957585644,-3.106610509,-0.48162307,11.088679302,1.2055455093
Arkansas,Washington,203065,203050,204024,208051,211756,216000,219941,224434,228482,232732,236611,239187,974,4027,3705,4244,3941,4493,4048,4250,3879,2576,806,3205,3323,3234,3207,3153,3252,3164,3267,3203,329,1328,1431,1447,1417,1529,1565,1648,1630,1599,477,1877,1892,1787,1790,1624,1687,1516,1637,1604,174,873,674,264,522,652,850,562,343,164,321,1270,1128,2154,1595,2196,1504,2155,1886,802,495,2143,1802,2418,2117,2848,2354,2717,2229,966,2,7,11,39,34,21,7,17,13,6,7563,7564,7789,7809,7821,8183,8300,8126,8258,8241,8244,15.555420737,15.831084284,15.120769785,14.713000154,14.1907173,14.360278727,13.720312046,13.921588263,13.463696779,6.4454286234,6.8174184804,6.7655392326,6.5008797062,6.8815752461,6.9107737417,7.1463572225,6.9458796658,6.7213397282,9.1099921131,9.0136658036,8.355230552,8.2121204475,7.3091420534,7.4495049855,6.5739548236,6.9757085969,6.7423570507,4.2370927622,3.2109993402,1.2343485538,2.3948194825,2.9344585091,3.7534553869,2.4370465771,1.4616176229,0.6893681773,6.1639264697,5.3738980055,10.071162064,7.3175039742,9.8835443038,6.6414081198,9.3449028,8.0367662882,3.3711785253,10.401019232,8.5848973457,11.305510618,9.7123234566,12.818002813,10.394863507,11.781949377,9.4983839111,4.0605467026
Arkansas,White,77076,77086,77356,78083,78641,78567,78471,78915,78917,78844,78381,78753,270,727,558,-74,-96,444,2,-73,-463,372,244,938,986,1038,998,1048,938,913,906,881,136,803,828,811,851,817,832,866,843,837,108,135,158,227,147,231,106,47,63,44,10,87,71,58,58,31,17,-5,-28,-27,149,505,331,-362,-297,193,-119,-115,-498,360,159,592,402,-304,-239,224,-102,-120,-526,333,3,0,-2,3,-4,-11,-2,0,0,-5,3252,3235,3352,3453,3535,3535,3574,3468,3330,3173,3175,12.069043162,12.582629336,13.205434838,12.710299418,13.317575896,11.88605606,11.574470243,11.524884719,11.213359298,10.332027355,10.566345933,10.317541092,10.838141087,10.38211785,10.542855695,10.978632235,10.723485451,10.653327733,1.7370158068,2.0162834027,2.8878937459,1.8721583311,2.9354580458,1.3432003649,0.5958380081,0.8013992686,0.5600315654,1.1194101866,0.9060514025,0.7378759351,0.7386747157,0.3939359282,0.2154189265,-0.063387022,-0.356177453,-0.343655733,6.497725796,4.2239861157,-4.605363595,-3.782523975,2.4525688435,-1.507932485,-1.457901509,-6.334870409,4.5820764443,7.6171359826,5.1300375182,-3.86748766,-3.043849259,2.8465047717,-1.292513559,-1.521288531,-6.691047861,4.238420711
Arkansas,Woodruff,7260,7264,7236,7164,7052,7018,6860,6706,6600,6575,6466,6320,-28,-72,-112,-34,-158,-154,-106,-25,-109,-146,16,80,88,85,78,52,71,90,70,70,37,106,99,97,100,108,104,106,85,102,-21,-26,-11,-12,-22,-56,-33,-16,-15,-32,0,0,0,0,0,0,0,0,0,0,-7,-47,-104,-21,-141,-97,-73,-9,-93,-112,-7,-47,-104,-21,-141,-97,-73,-9,-93,-112,0,1,3,-1,5,-1,0,0,-1,-2,106,106,106,106,106,106,106,106,106,106,106,11.111111111,12.380416432,12.082444918,11.240812797,7.6662243845,10.671877349,13.662239089,10.735373054,10.949475989,14.722222222,13.927968486,13.788201848,14.411298458,15.922158337,15.632045694,16.091081594,13.035810137,15.954950727,-3.611111111,-1.547552054,-1.70575693,-3.170485661,-8.255933953,-4.960168345,-2.428842505,-2.300437083,-5.005474738,0,0,0,0,0,0,0,0,0,-6.527777778,-14.63140124,-2.985074627,-20.31993083,-14.30045702,-10.97249361,-1.366223909,-14.26270991,-17.51916158,-6.527777778,-14.63140124,-2.985074627,-20.31993083,-14.30045702,-10.97249361,-1.366223909,-14.26270991,-17.51916158
Arkansas,Yell,22185,22183,22146,21964,21824,21819,21768,21506,21502,21509,21462,21341,-37,-182,-140,-5,-51,-262,-4,7,-47,-121,78,317,279,297,252,273,280,283,251,258,86,214,270,264,235,272,266,279,245,244,-8,103,9,33,17,1,14,4,6,14,13,60,7,23,15,18,25,25,28,-2,-43,-346,-154,-59,-82,-283,-40,-21,-80,-133,-30,-286,-147,-36,-67,-265,-15,4,-52,-135,1,1,-2,-2,-1,2,-3,-1,-1,0,323,323,323,323,323,323,323,323,323,323,323,14.373158014,12.74321732,13.61043008,11.563080735,12.617275962,13.020833333,13.159424333,11.682297363,12.055229774,9.7030151893,12.332145793,12.098160071,10.783031638,12.571058834,12.369791667,12.973425403,11.403039259,11.401070018,4.6701428248,0.4110715264,1.5122700089,0.7800490972,0.0462171281,0.6510416667,0.1859989305,0.2792581043,0.6541597552,2.7204715484,0.3197222983,1.0540063699,0.6882786152,0.8319083052,1.1625744048,1.1624933157,1.3032044867,-0.093451394,-15.6880526,-7.033890564,-2.703755471,-3.762589763,-13.07944724,-1.860119048,-0.976494385,-3.723441391,-6.214517674,-12.96758105,-6.714168265,-1.649749101,-3.074311148,-12.24753894,-0.697544643,0.1859989305,-2.420236904,-6.307969068